{
  "loss": [
    -0.06147914379835129,
    -0.09366545081138611,
    -0.02334514819085598,
    -0.24932172894477844,
    -0.055576007813215256,
    -0.1307990550994873,
    -0.11028411984443665,
    -0.22598384320735931,
    -0.32949498295783997,
    -0.08660818636417389,
    -0.07825193554162979,
    -0.08336754888296127,
    -0.06125127151608467,
    -0.11142237484455109,
    -0.08369211852550507,
    -0.10867700725793839,
    -0.15066958963871002,
    -0.1187087669968605,
    -0.19463691115379333,
    -0.2889499068260193,
    -0.042262203991413116,
    -0.2562439441680908,
    -0.1297025978565216,
    -0.058770619332790375,
    -0.13997595012187958,
    -0.10468526184558868,
    -0.26311904191970825,
    -0.18414542078971863,
    -0.3163756728172302,
    -0.20270150899887085,
    -0.1837899535894394,
    -0.17470578849315643,
    -0.13128308951854706,
    -0.18939124047756195,
    -0.13256791234016418,
    -0.2387743443250656,
    -0.22041179239749908,
    -0.05193912982940674,
    -0.24181677401065826,
    -0.1958511620759964,
    -0.4819171130657196,
    -0.18087507784366608,
    -0.2588216960430145,
    -0.2309611588716507,
    -0.14303627610206604,
    -0.183852881193161,
    -0.1625966727733612,
    -0.07935570925474167,
    -0.08537960052490234,
    -0.11711443215608597
  ],
  "separability": [
    0.06147914379835129,
    0.09366545081138611,
    0.02334514819085598,
    0.24932172894477844,
    0.055576007813215256,
    0.1307990550994873,
    0.11028411984443665,
    0.22598384320735931,
    0.32949498295783997,
    0.08660818636417389,
    0.07825193554162979,
    0.08336754888296127,
    0.06125127151608467,
    0.11142237484455109,
    0.08369211852550507,
    0.10867700725793839,
    0.15066958963871002,
    0.1187087669968605,
    0.19463691115379333,
    0.2889499068260193,
    0.042262203991413116,
    0.2562439441680908,
    0.1297025978565216,
    0.058770619332790375,
    0.13997595012187958,
    0.10468526184558868,
    0.26311904191970825,
    0.18414542078971863,
    0.3163756728172302,
    0.20270150899887085,
    0.1837899535894394,
    0.17470578849315643,
    0.13128308951854706,
    0.18939124047756195,
    0.13256791234016418,
    0.2387743443250656,
    0.22041179239749908,
    0.05193912982940674,
    0.24181677401065826,
    0.1958511620759964,
    0.4819171130657196,
    0.18087507784366608,
    0.2588216960430145,
    0.2309611588716507,
    0.14303627610206604,
    0.183852881193161,
    0.1625966727733612,
    0.07935570925474167,
    0.08537960052490234,
    0.11711443215608597
  ],
  "mu_nn": [
    0.8985902667045593,
    0.8950536251068115,
    0.8929998278617859,
    0.9113532900810242,
    0.9019611477851868,
    0.9050063490867615,
    0.9067741632461548,
    0.9106372594833374,
    0.911044716835022,
    0.903849720954895,
    0.9012081027030945,
    0.9018117189407349,
    0.8994840383529663,
    0.9040139317512512,
    0.8981738686561584,
    0.9019672274589539,
    0.9079045057296753,
    0.9054701924324036,
    0.9087562561035156,
    0.9088941216468811,
    0.8963213562965393,
    0.9152460694313049,
    0.8991698026657104,
    0.8984454870223999,
    0.9036797285079956,
    0.9052591323852539,
    0.9142626523971558,
    0.9042279720306396,
    0.9111860394477844,
    0.9181221723556519,
    0.9009895324707031,
    0.9007734060287476,
    0.9052126407623291,
    0.9100653529167175,
    0.902589738368988,
    0.9122272729873657,
    0.9136373996734619,
    0.8983263373374939,
    0.9052035212516785,
    0.9106934666633606,
    0.9230443239212036,
    0.9098302125930786,
    0.9065250158309937,
    0.9111251831054688,
    0.9070413112640381,
    0.9053875207901001,
    0.9078719615936279,
    0.8970828652381897,
    0.9056340456008911,
    0.9103869795799255
  ],
  "mu_nd": [
    0.893805980682373,
    0.8879405856132507,
    0.8912025690078735,
    0.8950455784797668,
    0.8981631398200989,
    0.8958545923233032,
    0.8992838859558105,
    0.8955939412117004,
    0.8883986473083496,
    0.8974820971488953,
    0.8953995704650879,
    0.8959358334541321,
    0.8950304985046387,
    0.8962175250053406,
    0.8920957446098328,
    0.8943576812744141,
    0.8973180055618286,
    0.8973057866096497,
    0.8961769342422485,
    0.8904098868370056,
    0.893161952495575,
    0.8981279730796814,
    0.8898290991783142,
    0.8941216468811035,
    0.8937759399414062,
    0.8977157473564148,
    0.8965975046157837,
    0.8913567662239075,
    0.8882008790969849,
    0.9045007824897766,
    0.887600839138031,
    0.8862913250923157,
    0.8959261178970337,
    0.8971927762031555,
    0.8930403590202332,
    0.8966353535652161,
    0.8995771408081055,
    0.8943401575088501,
    0.8877498507499695,
    0.8984867930412292,
    0.8925021290779114,
    0.898201584815979,
    0.886713981628418,
    0.8957775235176086,
    0.8976155519485474,
    0.8918014764785767,
    0.8965420126914978,
    0.891194760799408,
    0.9000284075737,
    0.9021639823913574
  ],
  "sigma_nn": [
    0.04230717569589615,
    0.04222498834133148,
    0.04099944606423378,
    0.03430880978703499,
    0.03472091630101204,
    0.03644565865397453,
    0.03733215853571892,
    0.03447871282696724,
    0.03629617020487785,
    0.03646966814994812,
    0.038994744420051575,
    0.037763774394989014,
    0.03898144140839577,
    0.037299416959285736,
    0.03782559186220169,
    0.03886205330491066,
    0.035143379122018814,
    0.035574279725551605,
    0.03358947113156319,
    0.03129121661186218,
    0.038441456854343414,
    0.03550104796886444,
    0.03800046071410179,
    0.03948698565363884,
    0.03724357485771179,
    0.03763367608189583,
    0.03574812039732933,
    0.03498023375868797,
    0.03839225322008133,
    0.03314226120710373,
    0.04041100665926933,
    0.047682225704193115,
    0.03887048363685608,
    0.033735331147909164,
    0.03701898828148842,
    0.03475935384631157,
    0.0315401591360569,
    0.040277183055877686,
    0.03910541161894798,
    0.03173435479402542,
    0.031194141134619713,
    0.03239129111170769,
    0.042879071086645126,
    0.0351688489317894,
    0.03376850113272667,
    0.040107958018779755,
    0.03607391193509102,
    0.0398075096309185,
    0.0344877652823925,
    0.03683166205883026
  ],
  "sigma_nd": [
    0.03551247715950012,
    0.03371591120958328,
    0.03598693758249283,
    0.031099485233426094,
    0.03361805900931358,
    0.03352239727973938,
    0.030585836619138718,
    0.032089389860630035,
    0.03243345767259598,
    0.037052519619464874,
    0.03523385152220726,
    0.032717905938625336,
    0.033727895468473434,
    0.0326722152531147,
    0.03479921445250511,
    0.031157776713371277,
    0.03511963039636612,
    0.033202484250068665,
    0.03104020096361637,
    0.03267915919423103,
    0.03631573170423508,
    0.031302858144044876,
    0.034015849232673645,
    0.034084465354681015,
    0.03350991755723953,
    0.0344240702688694,
    0.03138934075832367,
    0.034916725009679794,
    0.034259214997291565,
    0.03405698388814926,
    0.032436784356832504,
    0.03521187976002693,
    0.03186613321304321,
    0.034232836216688156,
    0.03501487150788307,
    0.030540447682142258,
    0.03225070238113403,
    0.036469947546720505,
    0.03307183459401131,
    0.03059191256761551,
    0.032182298600673676,
    0.03189963102340698,
    0.033664096146821976,
    0.03128239884972572,
    0.03212917223572731,
    0.03378831967711449,
    0.03360738605260849,
    0.0343913659453392,
    0.03116769529879093,
    0.033381685614585876
  ]
}