{
  "loss": [
    -1.3705254197120667,
    -1.3007299304008484,
    -1.5990571975708008,
    -1.532840371131897,
    -1.5142945647239685,
    -1.5095229744911194,
    -1.6449133157730103,
    -1.7105308175086975,
    -1.980710208415985,
    -2.185782313346863,
    -2.569164991378784,
    -2.347042202949524,
    -2.6090747117996216,
    -3.0678958892822266,
    -3.13413143157959,
    -3.452651619911194,
    -3.6134586334228516,
    -3.7927247285842896,
    -4.100569128990173,
    -4.3599865436553955,
    -4.897747278213501,
    -4.171102166175842,
    -4.858043670654297,
    -4.58988618850708,
    -5.36890971660614,
    -6.359853267669678,
    -6.216555595397949,
    -5.418901443481445,
    -7.0108962059021,
    -7.099829435348511,
    -6.9591381549835205,
    -6.8525190353393555,
    -8.411263465881348,
    -8.8093421459198,
    -10.039043664932251,
    -9.603159666061401,
    -9.594213724136353,
    -11.157262086868286,
    -10.80076265335083,
    -11.555143594741821,
    -10.380943775177002,
    -11.003957748413086,
    -10.487274646759033,
    -10.538929224014282,
    -11.205158233642578,
    -12.348779916763306,
    -9.37757158279419,
    -10.793118000030518,
    -12.133153438568115,
    -11.60247278213501,
    -12.514603614807129,
    -13.490561962127686,
    -11.06982946395874,
    -17.943005084991455,
    -12.934442520141602,
    -13.188738346099854,
    -12.838208675384521,
    -12.890368461608887,
    -13.565620422363281,
    -13.65686559677124,
    -14.511998653411865,
    -16.89000415802002,
    -15.049245834350586,
    -16.67524003982544,
    -17.029364109039307,
    -15.410771369934082,
    -18.949222564697266,
    -10.752123594284058,
    -11.489770412445068,
    -14.627400875091553,
    -16.3405499458313,
    -15.99252986907959,
    -15.706444263458252,
    -16.6966872215271,
    -14.353837966918945,
    -15.965662479400635,
    -16.202144622802734,
    -14.32188081741333,
    -16.58567714691162,
    -16.852407455444336,
    -16.77823543548584,
    -15.681375980377197,
    -16.868876457214355,
    -16.18477487564087,
    -16.68268918991089,
    -19.033818244934082,
    -16.036845684051514,
    -19.387910842895508,
    -14.210793018341064,
    -20.51187229156494,
    -16.788078784942627,
    -14.841272830963135,
    -17.420536518096924,
    -17.31841802597046,
    -16.073593139648438,
    -14.702744007110596,
    -18.884215831756592,
    -17.833446502685547,
    -17.899088382720947,
    -15.179161071777344
  ],
  "separability": [
    1.3705254197120667,
    1.3007299304008484,
    1.5990571975708008,
    1.532840371131897,
    1.5142945647239685,
    1.5095229744911194,
    1.6449133157730103,
    1.7105308175086975,
    1.980710208415985,
    2.185782313346863,
    2.569164991378784,
    2.347042202949524,
    2.6090747117996216,
    3.0678958892822266,
    3.13413143157959,
    3.452651619911194,
    3.6134586334228516,
    3.7927247285842896,
    4.100569128990173,
    4.3599865436553955,
    4.897747278213501,
    4.171102166175842,
    4.858043670654297,
    4.58988618850708,
    5.36890971660614,
    6.359853267669678,
    6.216555595397949,
    5.418901443481445,
    7.0108962059021,
    7.099829435348511,
    6.9591381549835205,
    6.8525190353393555,
    8.411263465881348,
    8.8093421459198,
    10.039043664932251,
    9.603159666061401,
    9.594213724136353,
    11.157262086868286,
    10.80076265335083,
    11.555143594741821,
    10.380943775177002,
    11.003957748413086,
    10.487274646759033,
    10.538929224014282,
    11.205158233642578,
    12.348779916763306,
    9.37757158279419,
    10.793118000030518,
    12.133153438568115,
    11.60247278213501,
    12.514603614807129,
    13.490561962127686,
    11.06982946395874,
    17.943005084991455,
    12.934442520141602,
    13.188738346099854,
    12.838208675384521,
    12.890368461608887,
    13.565620422363281,
    13.65686559677124,
    14.511998653411865,
    16.89000415802002,
    15.049245834350586,
    16.67524003982544,
    17.029364109039307,
    15.410771369934082,
    18.949222564697266,
    10.752123594284058,
    11.489770412445068,
    14.627400875091553,
    16.3405499458313,
    15.99252986907959,
    15.706444263458252,
    16.6966872215271,
    14.353837966918945,
    15.965662479400635,
    16.202144622802734,
    14.32188081741333,
    16.58567714691162,
    16.852407455444336,
    16.77823543548584,
    15.681375980377197,
    16.868876457214355,
    16.18477487564087,
    16.68268918991089,
    19.033818244934082,
    16.036845684051514,
    19.387910842895508,
    14.210793018341064,
    20.51187229156494,
    16.788078784942627,
    14.841272830963135,
    17.420536518096924,
    17.31841802597046,
    16.073593139648438,
    14.702744007110596,
    18.884215831756592,
    17.833446502685547,
    17.899088382720947,
    15.179161071777344
  ],
  "mu_nn": [
    0.9852822124958038,
    0.985538125038147,
    0.9864448010921478,
    0.986564040184021,
    0.9857937395572662,
    0.9862170219421387,
    0.9845632612705231,
    0.9848186373710632,
    0.985200822353363,
    0.9866502285003662,
    0.9850488901138306,
    0.9847321212291718,
    0.9857979416847229,
    0.9849146604537964,
    0.9852144420146942,
    0.9841439723968506,
    0.9816888272762299,
    0.9811898171901703,
    0.982297956943512,
    0.9822728931903839,
    0.9818122684955597,
    0.9790431559085846,
    0.9804150760173798,
    0.9813036918640137,
    0.9778182506561279,
    0.9795627593994141,
    0.9774542450904846,
    0.9772033393383026,
    0.9775563180446625,
    0.9696556627750397,
    0.9688412547111511,
    0.9788049459457397,
    0.9829444885253906,
    0.9771499037742615,
    0.9763813614845276,
    0.9753599762916565,
    0.9776696264743805,
    0.9825639724731445,
    0.9828665852546692,
    0.985135018825531,
    0.9835041165351868,
    0.9832008183002472,
    0.9841093122959137,
    0.9829153716564178,
    0.9846348464488983,
    0.9850965440273285,
    0.9854210019111633,
    0.9832313656806946,
    0.9830505549907684,
    0.9813455045223236,
    0.9844816327095032,
    0.9847139716148376,
    0.9861685335636139,
    0.9886172115802765,
    0.986962765455246,
    0.9867058992385864,
    0.9844936430454254,
    0.9852289259433746,
    0.985600471496582,
    0.9863031804561615,
    0.9855377376079559,
    0.9870276749134064,
    0.9855692386627197,
    0.9849292635917664,
    0.9871440529823303,
    0.9885269701480865,
    0.9898515343666077,
    0.9873025119304657,
    0.9874918758869171,
    0.9879123270511627,
    0.9871001243591309,
    0.9868562519550323,
    0.9878012835979462,
    0.9878661036491394,
    0.9879900515079498,
    0.9881631731987,
    0.9881005883216858,
    0.9868968427181244,
    0.9878947138786316,
    0.9872201383113861,
    0.9865297675132751,
    0.9861674308776855,
    0.9858890473842621,
    0.9864417910575867,
    0.9876973927021027,
    0.9883549511432648,
    0.9875732064247131,
    0.9891186356544495,
    0.9869950711727142,
    0.9888940751552582,
    0.9888095259666443,
    0.9869761765003204,
    0.9889822900295258,
    0.9887656271457672,
    0.988531619310379,
    0.9876657128334045,
    0.9890191853046417,
    0.9886393249034882,
    0.9893523454666138,
    0.9877967834472656
  ],