{
  "loss": [
    -0.40068086981773376,
    -0.3122113049030304,
    -0.3278479278087616,
    -0.31002824008464813,
    -0.3215440809726715,
    -0.46271486580371857,
    -0.4970446228981018,
    -0.542858898639679,
    -0.45518042147159576,
    -0.47977592051029205,
    -0.5213311016559601,
    -0.6296990215778351,
    -0.6941841542720795,
    -0.7832077443599701,
    -0.8920159637928009,
    -0.778224915266037,
    -0.9659788608551025,
    -1.2054641246795654,
    -1.14213228225708,
    -1.2286462187767029,
    -1.228501319885254,
    -1.2479293942451477,
    -1.2608275413513184,
    -1.570343792438507,
    -1.6222401857376099,
    -1.751199722290039,
    -1.7560012340545654,
    -1.7510334253311157,
    -1.6925880908966064,
    -1.836053490638733,
    -1.699841558933258,
    -1.9647247195243835,
    -2.182408928871155,
    -1.9745551943778992,
    -2.4227744340896606,
    -2.199144661426544,
    -2.564000368118286,
    -2.2831262350082397,
    -2.554752826690674,
    -2.662558615207672,
    -2.934253692626953,
    -3.3737062215805054,
    -3.1051772832870483,
    -3.026679754257202,
    -3.1646004915237427,
    -3.0482993125915527,
    -3.3570324182510376,
    -3.8095340728759766,
    -3.1757477521896362,
    -3.4318026304244995,
    -3.1066746711730957,
    -3.9885698556900024,
    -3.9581308364868164,
    -3.960701823234558,
    -4.274807810783386,
    -3.956455707550049,
    -4.754279375076294,
    -4.292285680770874,
    -3.3825676441192627,
    -4.183075666427612,
    -4.780184745788574,
    -4.325425386428833,
    -4.088316559791565,
    -3.9177876710891724,
    -5.617359638214111,
    -4.728922367095947,
    -3.7063499689102173,
    -4.153692364692688,
    -4.748917818069458,
    -5.0693395137786865,
    -4.0912864208221436,
    -4.581871271133423,
    -4.543422698974609,
    -5.339386701583862,
    -4.0334004163742065,
    -5.159852981567383,
    -5.378368377685547,
    -4.739684343338013,
    -4.715746641159058,
    -4.871261835098267,
    -4.587557077407837,
    -4.582475185394287,
    -4.54692280292511,
    -4.880332708358765,
    -5.051503896713257,
    -5.080162763595581,
    -4.35348379611969,
    -5.045514106750488,
    -4.6061108112335205,
    -4.642213582992554,
    -5.141060829162598,
    -4.5574119091033936,
    -5.897039175033569,
    -4.709897518157959,
    -5.0121049880981445,
    -4.641641616821289,
    -4.479626417160034,
    -4.433244705200195,
    -4.767870664596558,
    -4.330947160720825
  ],
  "separability": [
    0.40068086981773376,
    0.3122113049030304,
    0.3278479278087616,
    0.31002824008464813,
    0.3215440809726715,
    0.46271486580371857,
    0.4970446228981018,
    0.542858898639679,
    0.45518042147159576,
    0.47977592051029205,
    0.5213311016559601,
    0.6296990215778351,
    0.6941841542720795,
    0.7832077443599701,
    0.8920159637928009,
    0.778224915266037,
    0.9659788608551025,
    1.2054641246795654,
    1.14213228225708,
    1.2286462187767029,
    1.228501319885254,
    1.2479293942451477,
    1.2608275413513184,
    1.570343792438507,
    1.6222401857376099,
    1.751199722290039,
    1.7560012340545654,
    1.7510334253311157,
    1.6925880908966064,
    1.836053490638733,
    1.699841558933258,
    1.9647247195243835,
    2.182408928871155,
    1.9745551943778992,
    2.4227744340896606,
    2.199144661426544,
    2.564000368118286,
    2.2831262350082397,
    2.554752826690674,
    2.662558615207672,
    2.934253692626953,
    3.3737062215805054,
    3.1051772832870483,
    3.026679754257202,
    3.1646004915237427,
    3.0482993125915527,
    3.3570324182510376,
    3.8095340728759766,
    3.1757477521896362,
    3.4318026304244995,
    3.1066746711730957,
    3.9885698556900024,
    3.9581308364868164,
    3.960701823234558,
    4.274807810783386,
    3.956455707550049,
    4.754279375076294,
    4.292285680770874,
    3.3825676441192627,
    4.183075666427612,
    4.780184745788574,
    4.325425386428833,
    4.088316559791565,
    3.9177876710891724,
    5.617359638214111,
    4.728922367095947,
    3.7063499689102173,
    4.153692364692688,
    4.748917818069458,
    5.0693395137786865,
    4.0912864208221436,
    4.581871271133423,
    4.543422698974609,
    5.339386701583862,
    4.0334004163742065,
    5.159852981567383,
    5.378368377685547,
    4.739684343338013,
    4.715746641159058,
    4.871261835098267,
    4.587557077407837,
    4.582475185394287,
    4.54692280292511,
    4.880332708358765,
    5.051503896713257,
    5.080162763595581,
    4.35348379611969,
    5.045514106750488,
    4.6061108112335205,
    4.642213582992554,
    5.141060829162598,
    4.5574119091033936,
    5.897039175033569,
    4.709897518157959,
    5.0121049880981445,
    4.641641616821289,
    4.479626417160034,
    4.433244705200195,
    4.767870664596558,
    4.330947160720825
  ],
  "mu_nn": [
    0.9313003420829773,
    0.9294525682926178,
    0.9260196387767792,
    0.9279772937297821,
    0.9276364147663116,
    0.9325154423713684,
    0.9330158233642578,
    0.9329515099525452,
    0.9328397810459137,
    0.9311096370220184,
    0.9365898668766022,
    0.9397082328796387,
    0.9383648037910461,
    0.9411393404006958,
    0.9422169327735901,
    0.9361646771430969,
    0.9342289566993713,
    0.9332427978515625,
    0.9274119436740875,
    0.9262023568153381,
    0.9323603510856628,
    0.9382144510746002,
    0.9370326995849609,
    0.9420199990272522,
    0.9376206398010254,
    0.9407106637954712,
    0.9390558302402496,
    0.9341367781162262,
    0.9368321299552917,
    0.9398370981216431,
    0.9469950497150421,
    0.9537964761257172,
    0.943820059299469,
    0.9375816881656647,
    0.9395538568496704,
    0.9350539445877075,
    0.9406221210956573,
    0.9436224102973938,
    0.947847306728363,
    0.9471369385719299,
    0.9513421058654785,
    0.9564525485038757,
    0.9556453227996826,
    0.9579127728939056,
    0.9589391052722931,
    0.9575673937797546,
    0.9617624580860138,
    0.9580512642860413,
    0.9529655277729034,
    0.960792601108551,
    0.9602048695087433,
    0.9624810218811035,
    0.9589027464389801,
    0.9534704685211182,
    0.956469863653183,
    0.9606792032718658,
    0.9650168716907501,
    0.9684618413448334,
    0.9653418958187103,
    0.965966671705246,
    0.9665432572364807,
    0.9625991880893707,
    0.961262434720993,
    0.9624848365783691,
    0.9675339758396149,
    0.9656256437301636,
    0.965058445930481,
    0.9670561850070953,
    0.9667032361030579,
    0.9675342738628387,
    0.9623526632785797,
    0.9610865712165833,
    0.9631944000720978,
    0.9624244272708893,
    0.9591758549213409,
    0.9659386873245239,
    0.9691899716854095,
    0.9687711894512177,
    0.9700091183185577,
    0.9692458510398865,
    0.9671535491943359,
    0.9664794206619263,
    0.9651396572589874,
    0.9625946879386902,
    0.9656999707221985,
    0.9649787545204163,
    0.9647769033908844,
    0.9650695621967316,
    0.9660703837871552,
    0.9628576934337616,
    0.9631880223751068,
    0.9614776372909546,
    0.9668604731559753,
    0.964980959892273,
    0.9642039835453033,
    0.963860809803009,
    0.965325266122818,
    0.9640415906906128,
    0.9655715525150299,
    0.9630749821662903
  ],