{
  "loss": [
    -1.1758184432983398,
    -1.1296942830085754,
    -1.3796292543411255,
    -1.6176175475120544,
    -1.3188879489898682,
    -1.676152229309082,
    -1.8644466996192932,
    -1.7659440636634827,
    -2.1411719918251038,
    -2.1946449279785156,
    -2.8460776805877686,
    -2.692991852760315,
    -3.165049910545349,
    -3.196776270866394,
    -4.515348434448242,
    -3.842364549636841,
    -4.273691654205322,
    -5.040875792503357,
    -5.10635781288147,
    -5.96577000617981,
    -5.5408124923706055,
    -6.334749937057495,
    -7.568950653076172,
    -7.8177103996276855,
    -11.079364776611328,
    -10.757587432861328,
    -12.777573108673096,
    -12.357226848602295,
    -15.063855648040771,
    -16.329132556915283,
    -11.858469009399414,
    -11.145455360412598,
    -15.516913414001465,
    -17.703937530517578,
    -14.90804147720337,
    -12.226855278015137,
    -12.952596187591553,
    -12.731878995895386,
    -19.55237102508545,
    -16.35219430923462,
    -22.296652793884277,
    -16.967069625854492,
    -17.05346155166626,
    -25.98501491546631,
    -21.91127300262451,
    -28.679519653320312,
    -25.675410270690918,
    -18.990306854248047,
    -20.87368679046631,
    -30.41852569580078,
    -21.20473003387451,
    -26.087502479553223,
    -21.20221710205078,
    -34.03135299682617,
    -27.588430404663086,
    -24.72848129272461,
    -31.921483993530273,
    -32.0557746887207,
    -25.378366470336914,
    -20.190330028533936,
    -19.96926784515381,
    -24.64914608001709,
    -28.472562789916992,
    -31.078238487243652,
    -25.10020637512207,
    -35.041940689086914,
    -28.200321197509766,
    -39.47616004943848,
    -53.23873329162598,
    -36.69514465332031,
    -46.12121772766113,
    -30.202704429626465,
    -35.40637016296387,
    -31.082590103149414,
    -35.023738861083984,
    -37.02998924255371,
    -40.357967376708984,
    -40.962345123291016,
    -58.89461326599121,
    -40.150428771972656,
    -39.27867889404297,
    -46.420413970947266,
    -42.376609802246094,
    -42.66386795043945,
    -30.86706256866455,
    -38.061288833618164,
    -53.11325263977051,
    -32.24760627746582,
    -44.68891716003418,
    -61.326555252075195,
    -38.489808082580566,
    -48.29227638244629,
    -29.883509635925293,
    -36.669610023498535,
    -43.757513999938965,
    -37.188241958618164,
    -33.85493087768555,
    -33.11986064910889,
    -43.186506271362305,
    -48.365699768066406
  ],
  "separability": [
    1.1758184432983398,
    1.1296942830085754,
    1.3796292543411255,
    1.6176175475120544,
    1.3188879489898682,
    1.676152229309082,
    1.8644466996192932,
    1.7659440636634827,
    2.1411719918251038,
    2.1946449279785156,
    2.8460776805877686,
    2.692991852760315,
    3.165049910545349,
    3.196776270866394,
    4.515348434448242,
    3.842364549636841,
    4.273691654205322,
    5.040875792503357,
    5.10635781288147,
    5.96577000617981,
    5.5408124923706055,
    6.334749937057495,
    7.568950653076172,
    7.8177103996276855,
    11.079364776611328,
    10.757587432861328,
    12.777573108673096,
    12.357226848602295,
    15.063855648040771,
    16.329132556915283,
    11.858469009399414,
    11.145455360412598,
    15.516913414001465,
    17.703937530517578,
    14.90804147720337,
    12.226855278015137,
    12.952596187591553,
    12.731878995895386,
    19.55237102508545,
    16.35219430923462,
    22.296652793884277,
    16.967069625854492,
    17.05346155166626,
    25.98501491546631,
    21.91127300262451,
    28.679519653320312,
    25.675410270690918,
    18.990306854248047,
    20.87368679046631,
    30.41852569580078,
    21.20473003387451,
    26.087502479553223,
    21.20221710205078,
    34.03135299682617,
    27.588430404663086,
    24.72848129272461,
    31.921483993530273,
    32.0557746887207,
    25.378366470336914,
    20.190330028533936,
    19.96926784515381,
    24.64914608001709,
    28.472562789916992,
    31.078238487243652,
    25.10020637512207,
    35.041940689086914,
    28.200321197509766,
    39.47616004943848,
    53.23873329162598,
    36.69514465332031,
    46.12121772766113,
    30.202704429626465,
    35.40637016296387,
    31.082590103149414,
    35.023738861083984,
    37.02998924255371,
    40.357967376708984,
    40.962345123291016,
    58.89461326599121,
    40.150428771972656,
    39.27867889404297,
    46.420413970947266,
    42.376609802246094,
    42.66386795043945,
    30.86706256866455,
    38.061288833618164,
    53.11325263977051,
    32.24760627746582,
    44.68891716003418,
    61.326555252075195,
    38.489808082580566,
    48.29227638244629,
    29.883509635925293,
    36.669610023498535,
    43.757513999938965,
    37.188241958618164,
    33.85493087768555,
    33.11986064910889,
    43.186506271362305,
    48.365699768066406
  ],
  "mu_nn": [
    0.9629340469837189,
    0.9633883833885193,
    0.9693173468112946,
    0.9688370823860168,
    0.9663988053798676,
    0.9687691926956177,
    0.9664197564125061,
    0.9689856171607971,
    0.9696668386459351,
    0.9700433611869812,
    0.9723429977893829,
    0.9703763723373413,
    0.9687218368053436,
    0.9686108529567719,
    0.9707468748092651,
    0.9675914347171783,
    0.9667136967182159,
    0.9676804840564728,
    0.968216061592102,
    0.9643164277076721,
    0.9560074508190155,
    0.9455636441707611,
    0.9405628740787506,
    0.9270573556423187,
    0.9280675947666168,
    0.9250535368919373,
    0.9177466928958893,
    0.9180544316768646,
    0.9268560409545898,
    0.932536780834198,
    0.93989697098732,
    0.9310328662395477,
    0.9454981088638306,
    0.9420040547847748,
    0.9276609420776367,
    0.9448899030685425,
    0.9514241814613342,
    0.919524073600769,
    0.9394689202308655,
    0.9442824423313141,
    0.9545741379261017,
    0.9587664902210236,
    0.943623960018158,
    0.952583372592926,
    0.9597072005271912,
    0.963615208864212,
    0.9630268812179565,
    0.9434701800346375,
    0.9462451338768005,
    0.9628061950206757,
    0.9738756716251373,
    0.9640970230102539,
    0.9583461880683899,
    0.9700338840484619,
    0.9590834677219391,
    0.9555305540561676,
    0.9703868925571442,
    0.9722428321838379,
    0.9621306657791138,
    0.9599077999591827,
    0.960661768913269,
    0.9771905541419983,
    0.973737895488739,
    0.9706109166145325,
    0.9656356871128082,
    0.9646543860435486,
    0.9630009829998016,
    0.9716000854969025,
    0.9757974445819855,
    0.9700782299041748,
    0.9762280285358429,
    0.9661314785480499,
    0.966765433549881,
    0.9629197418689728,
    0.9713121354579926,
    0.9735495150089264,
    0.976753294467926,
    0.97869011759758,
    0.9787755906581879,
    0.9736699163913727,
    0.9667162597179413,
    0.97068652510643,
    0.9690648913383484,
    0.971494048833847,
    0.9662620425224304,
    0.9736018478870392,
    0.974265843629837,
    0.9738692939281464,
    0.9798501431941986,
    0.9781107008457184,
    0.9734321236610413,
    0.9777146577835083,
    0.9716171026229858,
    0.9746650457382202,
    0.9769846498966217,
    0.9760770201683044,
    0.9710532426834106,
    0.9701919555664062,
    0.9735499918460846,
    0.9730817675590515
  ],