{
  "loss": [
    -0.4251677393913269,
    -0.5675602555274963,
    -0.45441100746393204,
    -0.47007352113723755,
    -0.5690676867961884,
    -0.6115423738956451,
    -0.5757279843091965,
    -0.7555502504110336,
    -0.7270821928977966,
    -0.8450822532176971,
    -0.9517090320587158,
    -0.8992164731025696,
    -1.1106419265270233,
    -1.1662994027137756,
    -1.2329657673835754,
    -1.5937957167625427,
    -1.581254005432129,
    -1.7869529128074646,
    -1.7623258829116821,
    -1.9736319184303284,
    -2.213435411453247,
    -2.205414295196533,
    -2.685152292251587,
    -3.13403058052063,
    -3.1973788738250732,
    -3.1193689107894897,
    -4.2017457485198975,
    -4.6558626890182495,
    -4.653363943099976,
    -4.138233780860901,
    -3.73220694065094,
    -5.318425178527832,
    -4.284870862960815,
    -5.740781784057617,
    -4.960973501205444,
    -5.205550909042358,
    -5.162150621414185,
    -5.018271207809448,
    -5.016266107559204,
    -7.658893823623657,
    -5.939480781555176,
    -6.571437120437622,
    -5.152885437011719,
    -8.028164148330688,
    -6.652895212173462,
    -8.224629402160645,
    -6.050155162811279,
    -7.431446075439453,
    -6.327298879623413,
    -5.96265435218811,
    -5.667775869369507,
    -7.273192644119263,
    -5.875383138656616,
    -5.46748685836792,
    -6.18923807144165,
    -5.075075387954712,
    -7.184477806091309,
    -8.100981950759888,
    -8.471279859542847,
    -6.779787302017212,
    -8.887415885925293,
    -7.093183755874634,
    -7.3794310092926025,
    -7.154423952102661,
    -8.816772937774658,
    -7.602019309997559,
    -8.958400249481201,
    -8.480950355529785,
    -6.732394456863403,
    -7.223634719848633,
    -9.692148685455322,
    -6.8112335205078125,
    -8.50566029548645,
    -8.869050741195679,
    -8.136173963546753,
    -7.810859441757202,
    -7.861274480819702,
    -7.556291103363037,
    -9.046079158782959,
    -10.569188117980957,
    -8.94116497039795,
    -6.844694375991821,
    -7.499204635620117,
    -8.581770896911621,
    -8.363896369934082,
    -8.102092504501343,
    -7.898529291152954,
    -8.37432050704956,
    -9.255839347839355,
    -9.978967189788818,
    -8.753028392791748,
    -8.154455661773682,
    -8.982574939727783,
    -9.27068042755127,
    -11.249650001525879,
    -9.948339462280273,
    -9.12688946723938,
    -10.391014575958252,
    -7.899517297744751,
    -9.484866380691528
  ],
  "separability": [
    0.4251677393913269,
    0.5675602555274963,
    0.45441100746393204,
    0.47007352113723755,
    0.5690676867961884,
    0.6115423738956451,
    0.5757279843091965,
    0.7555502504110336,
    0.7270821928977966,
    0.8450822532176971,
    0.9517090320587158,
    0.8992164731025696,
    1.1106419265270233,
    1.1662994027137756,
    1.2329657673835754,
    1.5937957167625427,
    1.581254005432129,
    1.7869529128074646,
    1.7623258829116821,
    1.9736319184303284,
    2.213435411453247,
    2.205414295196533,
    2.685152292251587,
    3.13403058052063,
    3.1973788738250732,
    3.1193689107894897,
    4.2017457485198975,
    4.6558626890182495,
    4.653363943099976,
    4.138233780860901,
    3.73220694065094,
    5.318425178527832,
    4.284870862960815,
    5.740781784057617,
    4.960973501205444,
    5.205550909042358,
    5.162150621414185,
    5.018271207809448,
    5.016266107559204,
    7.658893823623657,
    5.939480781555176,
    6.571437120437622,
    5.152885437011719,
    8.028164148330688,
    6.652895212173462,
    8.224629402160645,
    6.050155162811279,
    7.431446075439453,
    6.327298879623413,
    5.96265435218811,
    5.667775869369507,
    7.273192644119263,
    5.875383138656616,
    5.46748685836792,
    6.18923807144165,
    5.075075387954712,
    7.184477806091309,
    8.100981950759888,
    8.471279859542847,
    6.779787302017212,
    8.887415885925293,
    7.093183755874634,
    7.3794310092926025,
    7.154423952102661,
    8.816772937774658,
    7.602019309997559,
    8.958400249481201,
    8.480950355529785,
    6.732394456863403,
    7.223634719848633,
    9.692148685455322,
    6.8112335205078125,
    8.50566029548645,
    8.869050741195679,
    8.136173963546753,
    7.810859441757202,
    7.861274480819702,
    7.556291103363037,
    9.046079158782959,
    10.569188117980957,
    8.94116497039795,
    6.844694375991821,
    7.499204635620117,
    8.581770896911621,
    8.363896369934082,
    8.102092504501343,
    7.898529291152954,
    8.37432050704956,
    9.255839347839355,
    9.978967189788818,
    8.753028392791748,
    8.154455661773682,
    8.982574939727783,
    9.27068042755127,
    11.249650001525879,
    9.948339462280273,
    9.12688946723938,
    10.391014575958252,
    7.899517297744751,
    9.484866380691528
  ],
  "mu_nn": [
    0.9129537045955658,
    0.9208804965019226,
    0.9177614152431488,
    0.9168606996536255,
    0.9221156239509583,
    0.928316742181778,
    0.9271366000175476,
    0.932212620973587,
    0.9390005171298981,
    0.9433734118938446,
    0.9476193785667419,
    0.9459332525730133,
    0.9530621469020844,
    0.9553364813327789,
    0.9476209878921509,
    0.9532397389411926,
    0.9460081458091736,
    0.943891853094101,
    0.9346965253353119,
    0.9351007044315338,
    0.9273661077022552,
    0.9221089482307434,
    0.9307699501514435,
    0.9342149794101715,
    0.9257301986217499,
    0.9231009483337402,
    0.942758709192276,
    0.9481708705425262,
    0.9503832161426544,
    0.9401107728481293,
    0.9481913447380066,
    0.9603767096996307,
    0.962604284286499,
    0.956636905670166,
    0.9508959352970123,
    0.961704432964325,
    0.9586271345615387,
    0.9591452181339264,
    0.9601076245307922,
    0.9653818011283875,
    0.9644820690155029,
    0.9594624042510986,
    0.9564704895019531,
    0.962215781211853,
    0.9610038101673126,
    0.9671110212802887,
    0.9668633937835693,
    0.9634991884231567,
    0.9608367085456848,
    0.9580846726894379,
    0.9599907696247101,
    0.9701842367649078,
    0.967676192522049,
    0.9667108952999115,
    0.9651536047458649,
    0.9576811790466309,
    0.9616300463676453,
    0.9654340744018555,
    0.9732635915279388,
    0.9684822857379913,
    0.9659594893455505,
    0.9613694250583649,
    0.960206538438797,
    0.96393221616745,
    0.9699136912822723,
    0.9683014452457428,
    0.9640121161937714,
    0.9613212645053864,
    0.9583429098129272,
    0.9616682827472687,
    0.9614376425743103,
    0.9607710540294647,
    0.9637762308120728,
    0.9676696360111237,
    0.9635050594806671,
    0.9660918712615967,
    0.9634376168251038,
    0.9654089212417603,
    0.9601085484027863,
    0.9666958153247833,
    0.9665737152099609,
    0.9609595835208893,
    0.9679301679134369,
    0.9670795798301697,
    0.9657913148403168,
    0.9658101201057434,
    0.962457925081253,
    0.9588747322559357,
    0.9639937281608582,
    0.9640690088272095,
    0.963112473487854,
    0.9592870473861694,
    0.9642761647701263,
    0.9611190855503082,
    0.9674990773200989,
    0.9687243402004242,
    0.9676368236541748,
    0.965377688407898,
    0.9613988101482391,
    0.961501806974411
  ],