{
  "loss": [
    -0.17005029320716858,
    -0.31797704100608826,
    -0.18430839478969574,
    -0.25860661268234253,
    -0.2489774525165558,
    -0.28011849522590637,
    -0.22216688096523285,
    -0.44327089190483093,
    -0.4665950536727905,
    -0.6194216012954712,
    -0.2974322438240051,
    -0.380493700504303,
    -0.7230556607246399,
    -0.3942606747150421,
    -0.44400039315223694,
    -0.5061891674995422,
    -0.6988077163696289,
    -0.479717880487442,
    -0.7337805032730103,
    -0.8732640147209167,
    -0.9272873997688293,
    -1.055748701095581,
    -0.8212365508079529,
    -1.1552873849868774,
    -0.8893937468528748,
    -1.3512877225875854,
    -1.2300959825515747,
    -1.23423171043396,
    -1.5684747695922852,
    -1.614069938659668,
    -1.6625937223434448,
    -1.8282933235168457,
    -1.9500223398208618,
    -1.8201063871383667,
    -3.0676863193511963,
    -2.380972146987915,
    -2.1393415927886963,
    -3.2359626293182373,
    -2.8928310871124268,
    -3.9733974933624268,
    -3.980433464050293,
    -3.3466737270355225,
    -3.9263601303100586,
    -4.509413242340088,
    -5.186236381530762,
    -4.040130615234375,
    -5.261292934417725,
    -4.3121209144592285,
    -5.184314250946045,
    -5.3213934898376465,
    -5.882202625274658,
    -5.355986595153809,
    -6.877308368682861,
    -5.294559955596924,
    -5.98890495300293,
    -5.673588275909424,
    -4.505445957183838,
    -6.514651775360107,
    -4.623050212860107,
    -4.4456353187561035,
    -7.489474773406982,
    -6.596493244171143,
    -6.852253437042236,
    -5.369827747344971,
    -6.196536540985107,
    -5.414455890655518,
    -4.9158244132995605,
    -7.696207523345947,
    -7.5399956703186035,
    -3.966674566268921,
    -6.088571548461914,
    -6.7848358154296875,
    -7.114856243133545,
    -6.0664448738098145,
    -5.219784259796143,
    -7.782182693481445,
    -7.063107967376709,
    -6.020477771759033,
    -4.2583441734313965,
    -7.059981822967529,
    -7.847536087036133,
    -8.727765083312988,
    -8.017385482788086,
    -6.8630900382995605,
    -7.249273300170898,
    -8.487327575683594,
    -7.327010154724121,
    -6.732357025146484,
    -9.362074851989746,
    -4.260512828826904,
    -5.301977634429932,
    -6.099018096923828,
    -7.3031134605407715,
    -5.640954494476318,
    -6.64389705657959,
    -7.472665786743164,
    -8.202567100524902,
    -7.760985851287842,
    -7.955347537994385,
    -6.748669624328613
  ],
  "separability": [
    0.17005029320716858,
    0.31797704100608826,
    0.18430839478969574,
    0.25860661268234253,
    0.2489774525165558,
    0.28011849522590637,
    0.22216688096523285,
    0.44327089190483093,
    0.4665950536727905,
    0.6194216012954712,
    0.2974322438240051,
    0.380493700504303,
    0.7230556607246399,
    0.3942606747150421,
    0.44400039315223694,
    0.5061891674995422,
    0.6988077163696289,
    0.479717880487442,
    0.7337805032730103,
    0.8732640147209167,
    0.9272873997688293,
    1.055748701095581,
    0.8212365508079529,
    1.1552873849868774,
    0.8893937468528748,
    1.3512877225875854,
    1.2300959825515747,
    1.23423171043396,
    1.5684747695922852,
    1.614069938659668,
    1.6625937223434448,
    1.8282933235168457,
    1.9500223398208618,
    1.8201063871383667,
    3.0676863193511963,
    2.380972146987915,
    2.1393415927886963,
    3.2359626293182373,
    2.8928310871124268,
    3.9733974933624268,
    3.980433464050293,
    3.3466737270355225,
    3.9263601303100586,
    4.509413242340088,
    5.186236381530762,
    4.040130615234375,
    5.261292934417725,
    4.3121209144592285,
    5.184314250946045,
    5.3213934898376465,
    5.882202625274658,
    5.355986595153809,
    6.877308368682861,
    5.294559955596924,
    5.98890495300293,
    5.673588275909424,
    4.505445957183838,
    6.514651775360107,
    4.623050212860107,
    4.4456353187561035,
    7.489474773406982,
    6.596493244171143,
    6.852253437042236,
    5.369827747344971,
    6.196536540985107,
    5.414455890655518,
    4.9158244132995605,
    7.696207523345947,
    7.5399956703186035,
    3.966674566268921,
    6.088571548461914,
    6.7848358154296875,
    7.114856243133545,
    6.0664448738098145,
    5.219784259796143,
    7.782182693481445,
    7.063107967376709,
    6.020477771759033,
    4.2583441734313965,
    7.059981822967529,
    7.847536087036133,
    8.727765083312988,
    8.017385482788086,
    6.8630900382995605,
    7.249273300170898,
    8.487327575683594,
    7.327010154724121,
    6.732357025146484,
    9.362074851989746,
    4.260512828826904,
    5.301977634429932,
    6.099018096923828,
    7.3031134605407715,
    5.640954494476318,
    6.64389705657959,
    7.472665786743164,
    8.202567100524902,
    7.760985851287842,
    7.955347537994385,
    6.748669624328613
  ],
  "mu_nn": [
    0.9256976842880249,
    0.9314735531806946,
    0.9258428812026978,
    0.9265621304512024,
    0.9245405793190002,
    0.9284703731536865,
    0.9268091320991516,
    0.9286364316940308,
    0.9340258240699768,
    0.9323393702507019,
    0.9277333617210388,
    0.9316940307617188,
    0.9319702386856079,
    0.9316146969795227,
    0.9331386089324951,
    0.9344857335090637,
    0.9400827288627625,
    0.9309555888175964,
    0.9375936985015869,
    0.941333532333374,
    0.945939838886261,
    0.9422389268875122,
    0.9409754872322083,
    0.9439365863800049,
    0.9376644492149353,
    0.9469038844108582,
    0.9448251128196716,
    0.9434290528297424,
    0.9472433924674988,
    0.9468213319778442,
    0.9452349543571472,
    0.9409626722335815,
    0.9423283934593201,
    0.9362743496894836,
    0.9472618103027344,
    0.9402933716773987,
    0.933559775352478,
    0.9462984800338745,
    0.9429513812065125,
    0.9491011500358582,
    0.9451103210449219,
    0.9438594579696655,
    0.9431149363517761,
    0.9506757259368896,
    0.9478425979614258,
    0.9390580654144287,
    0.9435914754867554,
    0.9418340921401978,
    0.9472278356552124,
    0.9511358737945557,
    0.9459608197212219,
    0.9498700499534607,
    0.9511757493019104,
    0.9406681060791016,
    0.9475569128990173,
    0.9407731294631958,
    0.9400125741958618,
    0.9411381483078003,
    0.9382610321044922,
    0.9404663443565369,
    0.9491399526596069,
    0.9495489001274109,
    0.9490473866462708,
    0.9446437954902649,
    0.9440745115280151,
    0.9419723153114319,
    0.9428366422653198,
    0.9560155272483826,
    0.952517569065094,
    0.9405577778816223,
    0.9443517327308655,
    0.9515278935432434,
    0.95371013879776,
    0.9502067565917969,
    0.9496676921844482,
    0.9498511552810669,
    0.9483183026313782,
    0.9475429654121399,
    0.9426806569099426,
    0.9524931311607361,
    0.9504144191741943,
    0.952456533908844,
    0.9568257927894592,
    0.9503186345100403,
    0.9523769617080688,
    0.9514025449752808,
    0.9528692960739136,
    0.9462505578994751,
    0.9558515548706055,
    0.9367706179618835,
    0.9405215978622437,
    0.9410578012466431,
    0.9537931084632874,
    0.9411068558692932,
    0.9486162662506104,
    0.9464133977890015,
    0.9517364501953125,
    0.9471839666366577,
    0.9494158029556274,
    0.9455195069313049
  ],