{
  "loss": [
    -1.45441734790802,
    -1.54352867603302,
    -1.308350682258606,
    -1.2869936227798462,
    -1.5602353811264038,
    -1.6742721796035767,
    -1.5619397163391113,
    -1.9674949645996094,
    -1.394558072090149,
    -1.5809719562530518,
    -2.0393333435058594,
    -1.9068119525909424,
    -2.682654619216919,
    -2.523070812225342,
    -2.226619005203247,
    -2.8599650859832764,
    -3.640040874481201,
    -3.5744762420654297,
    -3.4641435146331787,
    -4.4369988441467285,
    -3.9716179370880127,
    -4.571887493133545,
    -6.131760597229004,
    -5.200310230255127,
    -5.0540852546691895,
    -7.033689022064209,
    -5.69528341293335,
    -6.584549903869629,
    -7.834083557128906,
    -7.331646919250488,
    -9.759815216064453,
    -9.097835540771484,
    -10.624135971069336,
    -12.124956130981445,
    -9.204378128051758,
    -9.252547264099121,
    -9.689043998718262,
    -10.829668045043945,
    -10.26060962677002,
    -9.15127944946289,
    -15.271774291992188,
    -11.279945373535156,
    -17.58623695373535,
    -19.492643356323242,
    -16.80097007751465,
    -19.360239028930664,
    -20.001014709472656,
    -22.863235473632812,
    -13.62950611114502,
    -19.164257049560547,
    -19.398767471313477,
    -16.667680740356445,
    -25.961421966552734,
    -19.22396469116211,
    -29.9185848236084,
    -28.090091705322266,
    -28.109432220458984,
    -32.652915954589844,
    -40.328399658203125,
    -42.69677734375,
    -39.92238998413086,
    -29.57094955444336,
    -41.612693786621094,
    -29.803421020507812,
    -31.222274780273438,
    -40.57257080078125,
    -41.39519500732422,
    -32.74308776855469,
    -32.34437561035156,
    -26.271451950073242,
    -37.165679931640625,
    -42.98373031616211,
    -55.21144104003906,
    -27.742969512939453,
    -44.24662399291992,
    -31.414031982421875,
    -41.802005767822266,
    -36.37535858154297,
    -47.89488220214844,
    -41.86526870727539,
    -43.71817398071289,
    -34.06462860107422,
    -42.76359558105469,
    -34.1810302734375,
    -26.992053985595703,
    -42.923091888427734,
    -36.54447937011719,
    -41.16773223876953,
    -40.69207000732422,
    -59.7074089050293,
    -57.823936462402344,
    -61.80996322631836,
    -57.46205139160156,
    -40.43394470214844,
    -27.326683044433594,
    -46.0899658203125,
    -43.26620864868164,
    -39.08489990234375,
    -50.06340408325195,
    -49.77459716796875
  ],
  "separability": [
    1.45441734790802,
    1.54352867603302,
    1.308350682258606,
    1.2869936227798462,
    1.5602353811264038,
    1.6742721796035767,
    1.5619397163391113,
    1.9674949645996094,
    1.394558072090149,
    1.5809719562530518,
    2.0393333435058594,
    1.9068119525909424,
    2.682654619216919,
    2.523070812225342,
    2.226619005203247,
    2.8599650859832764,
    3.640040874481201,
    3.5744762420654297,
    3.4641435146331787,
    4.4369988441467285,
    3.9716179370880127,
    4.571887493133545,
    6.131760597229004,
    5.200310230255127,
    5.0540852546691895,
    7.033689022064209,
    5.69528341293335,
    6.584549903869629,
    7.834083557128906,
    7.331646919250488,
    9.759815216064453,
    9.097835540771484,
    10.624135971069336,
    12.124956130981445,
    9.204378128051758,
    9.252547264099121,
    9.689043998718262,
    10.829668045043945,
    10.26060962677002,
    9.15127944946289,
    15.271774291992188,
    11.279945373535156,
    17.58623695373535,
    19.492643356323242,
    16.80097007751465,
    19.360239028930664,
    20.001014709472656,
    22.863235473632812,
    13.62950611114502,
    19.164257049560547,
    19.398767471313477,
    16.667680740356445,
    25.961421966552734,
    19.22396469116211,
    29.9185848236084,
    28.090091705322266,
    28.109432220458984,
    32.652915954589844,
    40.328399658203125,
    42.69677734375,
    39.92238998413086,
    29.57094955444336,
    41.612693786621094,
    29.803421020507812,
    31.222274780273438,
    40.57257080078125,
    41.39519500732422,
    32.74308776855469,
    32.34437561035156,
    26.271451950073242,
    37.165679931640625,
    42.98373031616211,
    55.21144104003906,
    27.742969512939453,
    44.24662399291992,
    31.414031982421875,
    41.802005767822266,
    36.37535858154297,
    47.89488220214844,
    41.86526870727539,
    43.71817398071289,
    34.06462860107422,
    42.76359558105469,
    34.1810302734375,
    26.992053985595703,
    42.923091888427734,
    36.54447937011719,
    41.16773223876953,
    40.69207000732422,
    59.7074089050293,
    57.823936462402344,
    61.80996322631836,
    57.46205139160156,
    40.43394470214844,
    27.326683044433594,
    46.0899658203125,
    43.26620864868164,
    39.08489990234375,
    50.06340408325195,
    49.77459716796875
  ],
  "mu_nn": [
    0.9668759703636169,
    0.9668751358985901,
    0.9666301012039185,
    0.9626098871231079,
    0.9690073728561401,
    0.9667818546295166,
    0.9676069021224976,
    0.9713717103004456,
    0.9620292782783508,
    0.9661386013031006,
    0.9705590009689331,
    0.9655467867851257,
    0.9712640047073364,
    0.9683102965354919,
    0.9625417590141296,
    0.9683542847633362,
    0.9698994755744934,
    0.9689676761627197,
    0.9670098423957825,
    0.9715003967285156,
    0.9676747918128967,
    0.9691107273101807,
    0.9763533473014832,
    0.972619891166687,
    0.9721023440361023,
    0.9754872918128967,
    0.972542941570282,
    0.970361590385437,
    0.971637487411499,
    0.9751517176628113,
    0.9769920706748962,
    0.9760462641716003,
    0.9759836792945862,
    0.9813877940177917,
    0.977361798286438,
    0.9783633947372437,
    0.975774884223938,
    0.9742114543914795,
    0.9710567593574524,
    0.969901978969574,
    0.9678494930267334,
    0.9631098508834839,
    0.959882915019989,
    0.9692649841308594,
    0.9603715538978577,
    0.9521063566207886,
    0.9522793889045715,
    0.9565412402153015,
    0.9529574513435364,
    0.9588966965675354,
    0.9510506391525269,
    0.954135537147522,
    0.9549301862716675,
    0.9413077235221863,
    0.9530602693557739,
    0.9573355317115784,
    0.9651089906692505,
    0.9710882306098938,
    0.9623737335205078,
    0.9570104479789734,
    0.9563228487968445,
    0.9524370431900024,
    0.9506597518920898,
    0.9539310336112976,
    0.9530379176139832,
    0.9562196135520935,
    0.9569451212882996,
    0.9655792117118835,
    0.964605987071991,
    0.9675262570381165,
    0.965792715549469,
    0.9622131586074829,
    0.9681599736213684,
    0.958662211894989,
    0.9607105255126953,
    0.9601818323135376,
    0.9681652188301086,
    0.9579454064369202,
    0.9690044522285461,
    0.9687086939811707,
    0.9647157192230225,
    0.9625431895256042,
    0.9602753520011902,
    0.9605547785758972,
    0.9501484036445618,
    0.9613969326019287,
    0.960058867931366,
    0.9660536646842957,
    0.96303391456604,
    0.9691568613052368,
    0.9687362909317017,
    0.9691171050071716,
    0.9673701524734497,
    0.9662997722625732,
    0.9591933488845825,
    0.9663851261138916,
    0.9638728499412537,
    0.964886486530304,
    0.9647757411003113,
    0.9657617807388306
  ],