{
  "loss": [
    -1.0109142065048218,
    -0.748914361000061,
    -0.8662213683128357,
    -0.6292837262153625,
    -0.6862757205963135,
    -1.0867502689361572,
    -1.2149157524108887,
    -0.6789689660072327,
    -0.7721976637840271,
    -1.0594847202301025,
    -1.1446038484573364,
    -0.890959620475769,
    -1.2140696048736572,
    -1.0398463010787964,
    -1.1664267778396606,
    -1.3526203632354736,
    -1.483451247215271,
    -1.5069299936294556,
    -1.4338680505752563,
    -1.6233017444610596,
    -1.6280465126037598,
    -1.8191637992858887,
    -1.6303765773773193,
    -2.4144175052642822,
    -3.1528866291046143,
    -2.711707830429077,
    -3.1549606323242188,
    -3.5681145191192627,
    -4.1854119300842285,
    -3.773125648498535,
    -2.8511085510253906,
    -3.5683987140655518,
    -4.570347785949707,
    -4.7585859298706055,
    -4.647500514984131,
    -4.266943454742432,
    -4.940281391143799,
    -5.889136791229248,
    -6.76926851272583,
    -6.756413459777832,
    -7.432689666748047,
    -5.295566082000732,
    -5.694129467010498,
    -5.91218900680542,
    -6.206104278564453,
    -7.577759265899658,
    -7.727901935577393,
    -5.857132434844971,
    -7.60289192199707,
    -7.760728359222412,
    -8.454227447509766,
    -7.391489028930664,
    -6.632188320159912,
    -8.218210220336914,
    -7.636374473571777,
    -7.920073509216309,
    -7.554032325744629,
    -6.073451042175293,
    -6.738183975219727,
    -7.114058017730713,
    -6.942098617553711,
    -8.113382339477539,
    -8.393343925476074,
    -8.47280216217041,
    -9.342901229858398,
    -10.168863296508789,
    -8.682522773742676,
    -9.824396133422852,
    -8.441888809204102,
    -8.922335624694824,
    -9.649341583251953,
    -9.684928894042969,
    -10.721447944641113,
    -10.328896522521973,
    -12.855656623840332,
    -8.172725677490234,
    -9.962325096130371,
    -9.2814302444458,
    -9.913403511047363,
    -8.366578102111816,
    -10.905919075012207,
    -11.498689651489258,
    -10.53277587890625,
    -9.580365180969238,
    -8.887296676635742,
    -9.76149845123291,
    -8.998703002929688,
    -9.880615234375,
    -9.95065689086914,
    -7.70882511138916,
    -9.613637924194336,
    -8.307392120361328,
    -9.46235466003418,
    -9.533956527709961,
    -8.345246315002441,
    -8.393248558044434,
    -9.535309791564941,
    -10.671172142028809,
    -8.048298835754395,
    -10.268791198730469
  ],
  "separability": [
    1.0109142065048218,
    0.748914361000061,
    0.8662213683128357,
    0.6292837262153625,
    0.6862757205963135,
    1.0867502689361572,
    1.2149157524108887,
    0.6789689660072327,
    0.7721976637840271,
    1.0594847202301025,
    1.1446038484573364,
    0.890959620475769,
    1.2140696048736572,
    1.0398463010787964,
    1.1664267778396606,
    1.3526203632354736,
    1.483451247215271,
    1.5069299936294556,
    1.4338680505752563,
    1.6233017444610596,
    1.6280465126037598,
    1.8191637992858887,
    1.6303765773773193,
    2.4144175052642822,
    3.1528866291046143,
    2.711707830429077,
    3.1549606323242188,
    3.5681145191192627,
    4.1854119300842285,
    3.773125648498535,
    2.8511085510253906,
    3.5683987140655518,
    4.570347785949707,
    4.7585859298706055,
    4.647500514984131,
    4.266943454742432,
    4.940281391143799,
    5.889136791229248,
    6.76926851272583,
    6.756413459777832,
    7.432689666748047,
    5.295566082000732,
    5.694129467010498,
    5.91218900680542,
    6.206104278564453,
    7.577759265899658,
    7.727901935577393,
    5.857132434844971,
    7.60289192199707,
    7.760728359222412,
    8.454227447509766,
    7.391489028930664,
    6.632188320159912,
    8.218210220336914,
    7.636374473571777,
    7.920073509216309,
    7.554032325744629,
    6.073451042175293,
    6.738183975219727,
    7.114058017730713,
    6.942098617553711,
    8.113382339477539,
    8.393343925476074,
    8.47280216217041,
    9.342901229858398,
    10.168863296508789,
    8.682522773742676,
    9.824396133422852,
    8.441888809204102,
    8.922335624694824,
    9.649341583251953,
    9.684928894042969,
    10.721447944641113,
    10.328896522521973,
    12.855656623840332,
    8.172725677490234,
    9.962325096130371,
    9.2814302444458,
    9.913403511047363,
    8.366578102111816,
    10.905919075012207,
    11.498689651489258,
    10.53277587890625,
    9.580365180969238,
    8.887296676635742,
    9.76149845123291,
    8.998703002929688,
    9.880615234375,
    9.95065689086914,
    7.70882511138916,
    9.613637924194336,
    8.307392120361328,
    9.46235466003418,
    9.533956527709961,
    8.345246315002441,
    8.393248558044434,
    9.535309791564941,
    10.671172142028809,
    8.048298835754395,
    10.268791198730469
  ],
  "mu_nn": [
    0.9211009740829468,
    0.9111393690109253,
    0.9213586449623108,
    0.9098758101463318,
    0.9124497771263123,
    0.9238199591636658,
    0.9293348789215088,
    0.9084434509277344,
    0.9140939116477966,
    0.9259661436080933,
    0.9275109767913818,
    0.9160727858543396,
    0.928669810295105,
    0.9240968227386475,
    0.9285580515861511,
    0.9360867738723755,
    0.9367167949676514,
    0.9412457942962646,
    0.9358343482017517,
    0.9409969449043274,
    0.941555917263031,
    0.9459964632987976,
    0.9358733892440796,
    0.9450343251228333,
    0.9548174142837524,
    0.9471559524536133,
    0.950263261795044,
    0.9539778232574463,
    0.95717853307724,
    0.9498497247695923,
    0.944566011428833,
    0.9490675330162048,
    0.9533966183662415,
    0.9570552706718445,
    0.9538376927375793,
    0.9520463347434998,
    0.9558208584785461,
    0.9613905549049377,
    0.9605435729026794,
    0.9597977995872498,
    0.959749162197113,
    0.9482830166816711,
    0.9551279544830322,
    0.9553057551383972,
    0.956823468208313,
    0.9571489691734314,
    0.9542070627212524,
    0.9415875673294067,
    0.9525315761566162,
    0.9582293033599854,
    0.9557623267173767,
    0.9585141539573669,
    0.9559469819068909,
    0.9641521573066711,
    0.958530068397522,
    0.9533408880233765,
    0.9546329379081726,
    0.9484574198722839,
    0.9515947699546814,
    0.9443567991256714,
    0.9369542598724365,
    0.9484175443649292,
    0.9490271806716919,
    0.9476482272148132,
    0.947002649307251,
    0.9506288766860962,
    0.9451221227645874,
    0.9489040374755859,
    0.9474848508834839,
    0.9430104494094849,
    0.953701913356781,
    0.9470579624176025,
    0.953339159488678,
    0.9448721408843994,
    0.9554349184036255,
    0.9402194619178772,
    0.947306215763092,
    0.9438506960868835,
    0.9509315490722656,
    0.9543344378471375,
    0.9497919678688049,
    0.948473334312439,
    0.9438425898551941,
    0.9389827251434326,
    0.9499940872192383,
    0.9433593153953552,
    0.9480043053627014,
    0.9481500387191772,
    0.9450505375862122,
    0.9391825199127197,
    0.9422520995140076,
    0.9393417239189148,
    0.9460816979408264,
    0.9406309723854065,
    0.9322582483291626,
    0.9429370760917664,
    0.9514442086219788,
    0.9455816149711609,
    0.9447343945503235,
    0.9479942917823792
  ],