{
  "loss": [
    -1.4650931358337402,
    -1.5452156066894531,
    -1.5252894163131714,
    -1.4565277099609375,
    -1.620603084564209,
    -1.5282385349273682,
    -1.5926237106323242,
    -1.5836963653564453,
    -1.6321439743041992,
    -1.5907150506973267,
    -1.5710481405258179,
    -1.555701494216919,
    -1.6782804727554321,
    -1.475354552268982,
    -1.499287486076355,
    -1.4405194520950317,
    -1.4601062536239624,
    -1.6467442512512207,
    -1.6847918033599854,
    -1.65198814868927,
    -1.6444649696350098,
    -1.5257892608642578,
    -1.5967490673065186,
    -1.6025104522705078,
    -1.5441758632659912,
    -1.6342823505401611,
    -1.5125335454940796,
    -1.5008748769760132,
    -1.7354743480682373,
    -1.5066931247711182,
    -1.559967041015625,
    -1.520792007446289,
    -1.6004730463027954,
    -1.6188523769378662,
    -1.5345662832260132,
    -1.7153143882751465,
    -1.4771085977554321,
    -1.5646415948867798,
    -1.657725214958191,
    -1.6533446311950684,
    -1.6034936904907227,
    -1.4907304048538208,
    -1.4271055459976196,
    -1.6785681247711182,
    -1.5726243257522583,
    -1.553682565689087,
    -1.5372501611709595,
    -1.4755443334579468,
    -1.6790518760681152,
    -1.5474920272827148
  ],
  "separability": [
    1.4650931358337402,
    1.5452156066894531,
    1.5252894163131714,
    1.4565277099609375,
    1.620603084564209,
    1.5282385349273682,
    1.5926237106323242,
    1.5836963653564453,
    1.6321439743041992,
    1.5907150506973267,
    1.5710481405258179,
    1.555701494216919,
    1.6782804727554321,
    1.475354552268982,
    1.499287486076355,
    1.4405194520950317,
    1.4601062536239624,
    1.6467442512512207,
    1.6847918033599854,
    1.65198814868927,
    1.6444649696350098,
    1.5257892608642578,
    1.5967490673065186,
    1.6025104522705078,
    1.5441758632659912,
    1.6342823505401611,
    1.5125335454940796,
    1.5008748769760132,
    1.7354743480682373,
    1.5066931247711182,
    1.559967041015625,
    1.520792007446289,
    1.6004730463027954,
    1.6188523769378662,
    1.5345662832260132,
    1.7153143882751465,
    1.4771085977554321,
    1.5646415948867798,
    1.657725214958191,
    1.6533446311950684,
    1.6034936904907227,
    1.4907304048538208,
    1.4271055459976196,
    1.6785681247711182,
    1.5726243257522583,
    1.553682565689087,
    1.5372501611709595,
    1.4755443334579468,
    1.6790518760681152,
    1.5474920272827148
  ],
  "mu_nn": [
    0.9884591698646545,
    0.9884167909622192,
    0.9877788424491882,
    0.9869774580001831,
    0.9896684288978577,
    0.9887735843658447,
    0.9901049733161926,
    0.9871601462364197,
    0.9890809655189514,
    0.988376259803772,
    0.9895639419555664,
    0.9890430569648743,
    0.9876366853713989,
    0.9889762997627258,
    0.9867367148399353,
    0.9877838492393494,
    0.9870712161064148,
    0.9875417351722717,
    0.9892139434814453,
    0.9888826012611389,
    0.9892264008522034,
    0.9886943697929382,
    0.98920077085495,
    0.9887990355491638,
    0.9884097576141357,
    0.9886033535003662,
    0.9884464144706726,
    0.9871729612350464,
    0.990298330783844,
    0.9876311421394348,
    0.9889721274375916,
    0.9879327416419983,
    0.9898229241371155,
    0.9886398911476135,
    0.9884458780288696,
    0.9894240498542786,
    0.987445592880249,
    0.9893354177474976,
    0.9886118769645691,
    0.9873887300491333,
    0.9898727536201477,
    0.9892995953559875,
    0.988301157951355,
    0.9886379241943359,
    0.987894594669342,
    0.9892007112503052,
    0.9885427951812744,
    0.9871889352798462,
    0.9907659888267517,
    0.9896295070648193
  ],
  "mu_nd": [
    0.951275646686554,
    0.9444393515586853,
    0.9450638890266418,
    0.945069432258606,
    0.9456518292427063,
    0.9478639960289001,
    0.9485943913459778,
    0.945727527141571,
    0.9441383481025696,
    0.9450130462646484,
    0.9467409253120422,
    0.9474035501480103,
    0.9463434219360352,
    0.9492168426513672,
    0.9429891705513,
    0.9462950825691223,
    0.9473856091499329,
    0.9421567916870117,
    0.9469134211540222,
    0.9436818957328796,
    0.9435014724731445,
    0.9477249383926392,
    0.9482168555259705,
    0.9443348050117493,
    0.9452579617500305,
    0.9454847574234009,
    0.9481725692749023,
    0.9432894587516785,
    0.9460751414299011,
    0.9454561471939087,
    0.9501668810844421,
    0.9469149708747864,
    0.9486169219017029,
    0.9424924850463867,
    0.9463679194450378,
    0.9468682408332825,
    0.9442826509475708,
    0.9486058354377747,
    0.9454954266548157,
    0.9458072781562805,
    0.9457191824913025,
    0.9477691650390625,
    0.9445651173591614,
    0.9441152811050415,
    0.9449920654296875,
    0.9440271258354187,
    0.9463884234428406,
    0.9479352831840515,
    0.9476041197776794,
    0.9489648938179016
  ],
  "sigma_nn": [
    0.00388561119325459,
    0.003862610552459955,
    0.004705473314970732,
    0.004121694713830948,
    0.0027675232850015163,
    0.003983724862337112,
    0.002468624385073781,
    0.003542950376868248,
    0.0034766187891364098,
    0.004313882440328598,
    0.003635269356891513,
    0.0029718594159930944,
    0.0039002278354018927,
    0.0036801535170525312,
    0.005308755207806826,
    0.005306157749146223,
    0.0036631119437515736,
    0.004384373314678669,
    0.0023712334223091602,
    0.0029869682621210814,
    0.00335157779045403,
    0.003964893985539675,
    0.003577742027118802,
    0.003974827937781811,
    0.0042486549355089664,
    0.0031839485745877028,
    0.0035397459287196398,
    0.005100099369883537,
    0.002432151697576046,
    0.0038229862693697214,
    0.0034984638914465904,
    0.003986814524978399,
    0.0028156789485365152,
    0.003778556827455759,
    0.003341645235195756,
    0.002613768447190523,
    0.0048677194863557816,
    0.003255014307796955,
    0.0035128972958773375,
    0.003768075490370393,
    0.0032668032217770815,
    0.003990847617387772,
    0.0050704930908977985,
    0.002824516734108329,
    0.004311184864491224,
    0.003990395460277796,
    0.0039556738920509815,
    0.004503555595874786,
    0.002002822235226631,
    0.003209582529962063
  ],
  "sigma_nd": [
    0.021494010463356972,
    0.02459777146577835,
    0.02329900860786438,
    0.024650853127241135,
    0.024393096566200256,
    0.022785378620028496,
    0.023595640435814857,
    0.022619010880589485,
    0.02405931055545807,
    0.02294631116092205,
    0.023622332140803337,
    0.02379387430846691,
    0.020704269409179688,
    0.02326892502605915,
    0.02387012541294098,
    0.023495087400078773,
    0.0235168244689703,
    0.023176025599241257,
    0.02273602783679962,
    0.024374421685934067,
    0.024453764781355858,
    0.022886401042342186,
    0.02208934724330902,
    0.023771772161126137,
    0.023696208372712135,
    0.02319985255599022,
    0.023086989298462868,
    0.02413850650191307,
    0.023049743846058846,
    0.024168767035007477,
    0.021377209573984146,
    0.022984497249126434,
    0.02293045073747635,
    0.024727681651711464,
    0.02407844364643097,
    0.02219555713236332,
    0.02435350976884365,
    0.022776231169700623,
    0.022496500983834267,
    0.021381815895438194,
    0.024269042536616325,
    0.02386825904250145,
    0.02557617425918579,
    0.023699654266238213,
    0.022969655692577362,
    0.025084765627980232,
    0.02346625179052353,
    0.022099262103438377,
    0.023703264072537422,
    0.023068159818649292
  ]
}