{
  "loss": [
    -0.14279942214488983,
    -0.3146567642688751,
    -0.0907868891954422,
    -0.3056420385837555,
    -0.4885701835155487,
    -0.21354226768016815,
    -0.425580769777298,
    -0.38228464126586914,
    -0.26305118203163147,
    -0.3017846345901489,
    -0.2290894240140915,
    -0.18121375143527985,
    -0.4412328898906708,
    -0.23534098267555237,
    -0.2805463969707489,
    -0.2779596745967865,
    -0.23003561794757843,
    -0.2533019781112671,
    -0.4937298893928528,
    -0.16374510526657104,
    -0.30155661702156067,
    -0.3385482430458069,
    -0.3448280096054077,
    -0.21718308329582214,
    -0.19702641665935516,
    -0.35174667835235596,
    -0.18559131026268005,
    -0.2459772527217865,
    -0.10652172565460205,
    -0.2886248826980591,
    -0.16450375318527222,
    -0.2910104990005493,
    -0.08575402945280075,
    -0.27460777759552,
    -0.2613581120967865,
    -0.15123127400875092,
    -0.2758299708366394,
    -0.1444379687309265,
    -0.22700326144695282,
    -0.38836926221847534,
    -0.10332243144512177,
    -0.26221659779548645,
    -0.10890970379114151,
    -0.4633902907371521,
    -0.4583446979522705,
    -0.30238378047943115,
    -0.008959200233221054,
    -0.2816655933856964,
    -0.1682044416666031,
    -0.1379048228263855
  ],
  "separability": [
    0.14279942214488983,
    0.3146567642688751,
    0.0907868891954422,
    0.3056420385837555,
    0.4885701835155487,
    0.21354226768016815,
    0.425580769777298,
    0.38228464126586914,
    0.26305118203163147,
    0.3017846345901489,
    0.2290894240140915,
    0.18121375143527985,
    0.4412328898906708,
    0.23534098267555237,
    0.2805463969707489,
    0.2779596745967865,
    0.23003561794757843,
    0.2533019781112671,
    0.4937298893928528,
    0.16374510526657104,
    0.30155661702156067,
    0.3385482430458069,
    0.3448280096054077,
    0.21718308329582214,
    0.19702641665935516,
    0.35174667835235596,
    0.18559131026268005,
    0.2459772527217865,
    0.10652172565460205,
    0.2886248826980591,
    0.16450375318527222,
    0.2910104990005493,
    0.08575402945280075,
    0.27460777759552,
    0.2613581120967865,
    0.15123127400875092,
    0.2758299708366394,
    0.1444379687309265,
    0.22700326144695282,
    0.38836926221847534,
    0.10332243144512177,
    0.26221659779548645,
    0.10890970379114151,
    0.4633902907371521,
    0.4583446979522705,
    0.30238378047943115,
    0.008959200233221054,
    0.2816655933856964,
    0.1682044416666031,
    0.1379048228263855
  ],
  "mu_nn": [
    0.9430473446846008,
    0.9454973936080933,
    0.9395608305931091,
    0.9452607035636902,
    0.9464927911758423,
    0.9408139586448669,
    0.9452893733978271,
    0.9493867754936218,
    0.9471362233161926,
    0.9445787072181702,
    0.943835437297821,
    0.9428773522377014,
    0.9478627443313599,
    0.9422021508216858,
    0.946916937828064,
    0.9466390609741211,
    0.9428728818893433,
    0.9481983184814453,
    0.9465664625167847,
    0.9436518549919128,
    0.9443649649620056,
    0.9461212158203125,
    0.9445198178291321,
    0.9447432160377502,
    0.9449846744537354,
    0.9463602900505066,
    0.9387627840042114,
    0.9473780393600464,
    0.9414677023887634,
    0.9453919529914856,
    0.9416161179542542,
    0.9457699060440063,
    0.9377783536911011,
    0.9480173587799072,
    0.9437204003334045,
    0.9434303641319275,
    0.946411669254303,
    0.9424571990966797,
    0.9424611330032349,
    0.9512233734130859,
    0.9373043179512024,
    0.9470338821411133,
    0.9386737942695618,
    0.9479025602340698,
    0.9505307674407959,
    0.9458185434341431,
    0.9361099004745483,
    0.9433078169822693,
    0.9379120469093323,
    0.9428842067718506
  ],
  "mu_nd": [
    0.9399669766426086,
    0.9396677017211914,
    0.9368384480476379,
    0.9377931952476501,
    0.9371910095214844,
    0.9354187250137329,
    0.9359628558158875,
    0.9424007534980774,
    0.9421755075454712,
    0.9364504814147949,
    0.9384052157402039,
    0.9388567209243774,
    0.9372148513793945,
    0.9358059167861938,
    0.9414899945259094,
    0.9403204917907715,
    0.9381327629089355,
    0.9427245259284973,
    0.9372460246086121,
    0.9399667978286743,
    0.9381223917007446,
    0.9386157393455505,
    0.9369069933891296,
    0.9400642514228821,
    0.9392704963684082,
    0.9388300180435181,
    0.9342297911643982,
    0.9427434802055359,
    0.9383997917175293,
    0.9383997321128845,
    0.9371564984321594,
    0.9384258389472961,
    0.9354780316352844,
    0.9407419562339783,
    0.9366515278816223,
    0.9401489496231079,
    0.9408283233642578,
    0.9384132623672485,
    0.9356376528739929,
    0.9436416625976562,
    0.9346650242805481,
    0.9417233467102051,
    0.9359731674194336,
    0.9387475848197937,
    0.9419159293174744,
    0.9394459128379822,
    0.9358238577842712,
    0.9369263648986816,
    0.9332799911499023,
    0.9391948580741882
  ],
  "sigma_nn": [
    0.010832022875547409,
    0.00889560766518116,
    0.01644160784780979,
    0.011846449226140976,
    0.009136922657489777,
    0.013977437280118465,
    0.01079760305583477,
    0.0089145228266716,
    0.009595250710844994,
    0.014716940000653267,
    0.012986465357244015,
    0.011177974753081799,
    0.011917083524167538,
    0.013962729834020138,
    0.010045896284282207,
    0.0113906254991889,
    0.010705878026783466,
    0.011142768897116184,
    0.009630443528294563,
    0.011648468673229218,
    0.010320628061890602,
    0.011069401167333126,
    0.01076662540435791,
    0.011711763218045235,
    0.01562831923365593,
    0.010128556750714779,
    0.012379184365272522,
    0.009253951720893383,
    0.01507723331451416,
    0.013254456222057343,
    0.014871284365653992,
    0.013070181012153625,
    0.0157298780977726,
    0.01357150636613369,
    0.013868522830307484,
    0.011650624684989452,
    0.01015559770166874,
    0.014893852174282074,
    0.016092291101813316,
    0.009770344011485577,
    0.014128139242529869,
    0.010555965825915337,
    0.013061684556305408,
    0.00861269235610962,
    0.009319892153143883,
    0.011199228465557098,
    0.017580784857273102,
    0.01104965340346098,
    0.013917287811636925,
    0.015666721388697624
  ],
  "sigma_nd": [
    0.010739260353147984,
    0.009631529450416565,
    0.01354490127414465,
    0.012585743330419064,
    0.00990185048431158,
    0.011287964880466461,
    0.011117188259959221,
    0.009359865449368954,
    0.009263107553124428,
    0.012216913513839245,
    0.010717026889324188,
    0.011009247973561287,
    0.012215044349431992,
    0.01321584265679121,
    0.009298286400735378,
    0.011341328732669353,
    0.009900134988129139,
    0.010466973297297955,
    0.00924715120345354,
    0.010856359265744686,
    0.010380527935922146,
    0.011100182309746742,
    0.011310528963804245,
    0.009832099080085754,
    0.013373763300478458,
    0.01127965934574604,
    0.012045402079820633,
    0.009587453678250313,
    0.013723555020987988,
    0.010971516370773315,
    0.01223823893815279,
    0.012166242115199566,
    0.011094765737652779,
    0.012922282330691814,
    0.013178159482777119,
    0.01004735566675663,
    0.010086378082633018,
    0.013103879988193512,
    0.013966652564704418,
    0.009751559235155582,
    0.011416097171604633,
    0.00969650223851204,
    0.011735240928828716,
    0.01114380918443203,
    0.009475643746554852,
    0.0098754046484828,
    0.014346460811793804,
    0.011606467887759209,
    0.0136209512129426,
    0.01108612958341837
  ]
}