{
  "loss": [
    -1.3640495538711548,
    -1.3735359907150269,
    -1.6354320049285889,
    -1.3598309755325317,
    -1.304194688796997,
    -1.0485002994537354,
    -1.2836812734603882,
    -1.333707571029663,
    -1.2162648439407349,
    -1.436161756515503,
    -1.1234389543533325,
    -1.2676962614059448,
    -1.202837347984314,
    -1.0749770402908325,
    -1.1617991924285889,
    -1.1155792474746704,
    -1.4846736192703247,
    -1.1694059371948242,
    -1.4817315340042114,
    -1.4181514978408813,
    -1.0962425470352173,
    -1.7311341762542725,
    -1.3992103338241577,
    -1.551017165184021,
    -1.137951135635376,
    -1.2529548406600952,
    -1.179832935333252,
    -1.3735160827636719,
    -1.1360691785812378,
    -1.1639331579208374,
    -1.254336953163147,
    -1.5626195669174194,
    -1.1559526920318604,
    -1.311949372291565,
    -1.1103707551956177,
    -1.127947211265564,
    -1.4096710681915283,
    -1.2143778800964355,
    -1.032904028892517,
    -1.7934459447860718,
    -1.5460654497146606,
    -1.0559184551239014,
    -1.6191749572753906,
    -1.0776740312576294,
    -1.1449356079101562,
    -1.2141526937484741,
    -1.3435280323028564,
    -1.2851275205612183,
    -1.2352222204208374,
    -1.7415492534637451
  ],
  "separability": [
    1.3640495538711548,
    1.3735359907150269,
    1.6354320049285889,
    1.3598309755325317,
    1.304194688796997,
    1.0485002994537354,
    1.2836812734603882,
    1.333707571029663,
    1.2162648439407349,
    1.436161756515503,
    1.1234389543533325,
    1.2676962614059448,
    1.202837347984314,
    1.0749770402908325,
    1.1617991924285889,
    1.1155792474746704,
    1.4846736192703247,
    1.1694059371948242,
    1.4817315340042114,
    1.4181514978408813,
    1.0962425470352173,
    1.7311341762542725,
    1.3992103338241577,
    1.551017165184021,
    1.137951135635376,
    1.2529548406600952,
    1.179832935333252,
    1.3735160827636719,
    1.1360691785812378,
    1.1639331579208374,
    1.254336953163147,
    1.5626195669174194,
    1.1559526920318604,
    1.311949372291565,
    1.1103707551956177,
    1.127947211265564,
    1.4096710681915283,
    1.2143778800964355,
    1.032904028892517,
    1.7934459447860718,
    1.5460654497146606,
    1.0559184551239014,
    1.6191749572753906,
    1.0776740312576294,
    1.1449356079101562,
    1.2141526937484741,
    1.3435280323028564,
    1.2851275205612183,
    1.2352222204208374,
    1.7415492534637451
  ],
  "mu_nn": [
    0.9743390679359436,
    0.9711236953735352,
    0.9773960113525391,
    0.9694721698760986,
    0.9706029891967773,
    0.9681697487831116,
    0.9725016355514526,
    0.9752213954925537,
    0.9708340167999268,
    0.971409261226654,
    0.9675610661506653,
    0.9690504670143127,
    0.9719501733779907,
    0.9694761633872986,
    0.9689682126045227,
    0.9648306369781494,
    0.9734324216842651,
    0.9697410464286804,
    0.9725751280784607,
    0.9727272391319275,
    0.9669876098632812,
    0.9738295078277588,
    0.9728257656097412,
    0.9738745093345642,
    0.9685569405555725,
    0.9699797034263611,
    0.9673449993133545,
    0.9692960381507874,
    0.9689955115318298,
    0.9699900150299072,
    0.9719302654266357,
    0.9709222316741943,
    0.966754674911499,
    0.97053462266922,
    0.9732601046562195,
    0.9690093994140625,
    0.9733172655105591,
    0.9716159105300903,
    0.9661867022514343,
    0.9768052697181702,
    0.9722242951393127,
    0.967650830745697,
    0.9712145328521729,
    0.9682425856590271,
    0.9690017700195312,
    0.9695121049880981,
    0.9749731421470642,
    0.9721753597259521,
    0.9701826572418213,
    0.9760274887084961
  ],
  "mu_nd": [
    0.9384183883666992,
    0.9303984045982361,
    0.9341160655021667,
    0.9309757351875305,
    0.931679368019104,
    0.9324108362197876,
    0.9320755004882812,
    0.9389644861221313,
    0.9323307275772095,
    0.9323442578315735,
    0.9317405819892883,
    0.9280321002006531,
    0.9347583651542664,
    0.9312346577644348,
    0.9331998825073242,
    0.9260941743850708,
    0.9287528991699219,
    0.9313847422599792,
    0.9364986419677734,
    0.9317736029624939,
    0.928271472454071,
    0.929867684841156,
    0.9317997097969055,
    0.9304637908935547,
    0.9288867115974426,
    0.9294084906578064,
    0.9290979504585266,
    0.9301918148994446,
    0.9290397763252258,
    0.9280614852905273,
    0.931646466255188,
    0.9268175363540649,
    0.9300497174263,
    0.9337860345840454,
    0.9361939430236816,
    0.9371933341026306,
    0.9312116503715515,
    0.9306561350822449,
    0.9312532544136047,
    0.9330970048904419,
    0.9309999346733093,
    0.9289073944091797,
    0.9311040043830872,
    0.9287344813346863,
    0.9335638284683228,
    0.9289420247077942,
    0.9375381469726562,
    0.9332067370414734,
    0.936283528804779,
    0.9371562004089355
  ],
  "sigma_nn": [
    0.006927161011844873,
    0.009262239560484886,
    0.006105264648795128,
    0.0091936644166708,
    0.009711530059576035,
    0.013982456177473068,
    0.010238598100841045,
    0.008261165581643581,
    0.011030212976038456,
    0.008807758800685406,
    0.010607491247355938,
    0.011228489689528942,
    0.011129570193588734,
    0.013600095175206661,
    0.010907184332609177,
    0.014270845800638199,
    0.008545462042093277,
    0.012452411465346813,
    0.008539087139070034,
    0.00968132447451353,
    0.014113591983914375,
    0.007032593712210655,
    0.007843847386538982,
    0.008017645217478275,
    0.012925896793603897,
    0.010596534237265587,
    0.011654208414256573,
    0.009751119650900364,
    0.013854985125362873,
    0.01389019750058651,
    0.011140333488583565,
    0.008792810142040253,
    0.012124678120017052,
    0.009202379733324051,
    0.01174534298479557,
    0.010302014648914337,
    0.009088785387575626,
    0.012245148420333862,
    0.012475918978452682,
    0.0055819484405219555,
    0.007759246975183487,
    0.01602805405855179,
    0.007448434364050627,
    0.01448754034936428,
    0.01102451328188181,
    0.011844399385154247,
    0.008558743633329868,
    0.01044211070984602,
    0.009654412046074867,
    0.005620207637548447
  ],
  "sigma_nd": [
    0.01940668188035488,
    0.020387712866067886,
    0.020358648151159286,
    0.019116045907139778,
    0.020133407786488533,
    0.020122354850172997,
    0.021253734827041626,
    0.01892387494444847,
    0.020626770332455635,
    0.01839320920407772,
    0.02127717062830925,
    0.02112811803817749,
    0.01979048363864422,
    0.021974148228764534,
    0.019879821687936783,
    0.020452328026294708,
    0.02154836431145668,
    0.02034739963710308,
    0.01580842398107052,
    0.019196845591068268,
    0.021203523501753807,
    0.01836220733821392,
    0.021477006375789642,
    0.019970891997218132,
    0.02193519100546837,
    0.02178388461470604,
    0.020763123407959938,
    0.018719030544161797,
    0.021315163001418114,
    0.022132933139801025,
    0.020975269377231598,
    0.019432025030255318,
    0.019628304988145828,
    0.018808286637067795,
    0.021636435762047768,
    0.01790502667427063,
    0.02078031189739704,
    0.02148386277258396,
    0.021344684064388275,
    0.018789149820804596,
    0.01890479028224945,
    0.020663626492023468,
    0.017323756590485573,
    0.02217298187315464,
    0.019927386194467545,
    0.021569903939962387,
    0.01930445060133934,
    0.019880646839737892,
    0.01778932847082615,
    0.01669973134994507
  ]
}