{
  "loss": [
    -1.1174277067184448,
    -0.8649352788925171,
    -0.666789710521698,
    -0.875484824180603,
    -0.760834813117981,
    -0.9389036297798157,
    -0.9979948997497559,
    -1.028141975402832,
    -0.6924729943275452,
    -0.7188751697540283,
    -0.7823052406311035,
    -0.9897253513336182,
    -0.9572360515594482,
    -0.9120029807090759,
    -0.9543010592460632,
    -0.9568410515785217,
    -0.5751555562019348,
    -0.5828469395637512,
    -0.9233255982398987,
    -0.91646808385849,
    -0.9696881771087646,
    -0.8148425817489624,
    -0.7957494854927063,
    -0.616410493850708,
    -0.7396170496940613,
    -0.8975005745887756,
    -0.7697837948799133,
    -0.8023613095283508,
    -0.9351802468299866,
    -0.7279203534126282,
    -0.67031329870224,
    -0.7837096452713013,
    -0.9788104891777039,
    -0.7131428122520447,
    -0.8950633406639099,
    -0.852022647857666,
    -0.8045929074287415,
    -0.938821017742157,
    -0.982390284538269,
    -0.7257242202758789,
    -0.8077138066291809,
    -1.1043239831924438,
    -0.8984587788581848,
    -1.1892272233963013,
    -0.9299017190933228,
    -1.110490322113037,
    -0.9107564091682434,
    -0.9360054731369019,
    -0.946800708770752,
    -0.6941062808036804
  ],
  "separability": [
    1.1174277067184448,
    0.8649352788925171,
    0.666789710521698,
    0.875484824180603,
    0.760834813117981,
    0.9389036297798157,
    0.9979948997497559,
    1.028141975402832,
    0.6924729943275452,
    0.7188751697540283,
    0.7823052406311035,
    0.9897253513336182,
    0.9572360515594482,
    0.9120029807090759,
    0.9543010592460632,
    0.9568410515785217,
    0.5751555562019348,
    0.5828469395637512,
    0.9233255982398987,
    0.91646808385849,
    0.9696881771087646,
    0.8148425817489624,
    0.7957494854927063,
    0.616410493850708,
    0.7396170496940613,
    0.8975005745887756,
    0.7697837948799133,
    0.8023613095283508,
    0.9351802468299866,
    0.7279203534126282,
    0.67031329870224,
    0.7837096452713013,
    0.9788104891777039,
    0.7131428122520447,
    0.8950633406639099,
    0.852022647857666,
    0.8045929074287415,
    0.938821017742157,
    0.982390284538269,
    0.7257242202758789,
    0.8077138066291809,
    1.1043239831924438,
    0.8984587788581848,
    1.1892272233963013,
    0.9299017190933228,
    1.110490322113037,
    0.9107564091682434,
    0.9360054731369019,
    0.946800708770752,
    0.6941062808036804
  ],
  "mu_nn": [
    0.9368314146995544,
    0.9314634799957275,
    0.9244259595870972,
    0.9313436150550842,
    0.9275528192520142,
    0.9316604733467102,
    0.9359901547431946,
    0.9337505102157593,
    0.9226166009902954,
    0.9243937730789185,
    0.928115725517273,
    0.9332983493804932,
    0.9340923428535461,
    0.9329226016998291,
    0.9306036829948425,
    0.9345842599868774,
    0.9210665225982666,
    0.9176570773124695,
    0.9308240413665771,
    0.934338390827179,
    0.9328340291976929,
    0.9304110407829285,
    0.9247446656227112,
    0.9194406867027283,
    0.9204235076904297,
    0.9318613409996033,
    0.9279518127441406,
    0.929690957069397,
    0.932146430015564,
    0.9275942444801331,
    0.9268094301223755,
    0.9326150417327881,
    0.9334558844566345,
    0.9240025877952576,
    0.9332035779953003,
    0.9291089773178101,
    0.9314543604850769,
    0.9322472810745239,
    0.9335984587669373,
    0.9247259497642517,
    0.9285956025123596,
    0.9351419806480408,
    0.9338188171386719,
    0.9404862523078918,
    0.9319612979888916,
    0.9367234706878662,
    0.931903600692749,
    0.9320354461669922,
    0.9290733337402344,
    0.9188072681427002
  ],
  "mu_nd": [
    0.8968515396118164,
    0.8954837918281555,
    0.8906837701797485,
    0.8941360712051392,
    0.8909052014350891,
    0.8962839245796204,
    0.8966911435127258,
    0.8951656222343445,
    0.8919640779495239,
    0.8883110284805298,
    0.8957117199897766,
    0.8963096737861633,
    0.8971706628799438,
    0.8933472037315369,
    0.8946205377578735,
    0.8968866467475891,
    0.8917924761772156,
    0.8872389197349548,
    0.894859254360199,
    0.8921617865562439,
    0.8950894474983215,
    0.8964953422546387,
    0.8914051055908203,
    0.8933466076850891,
    0.8877750635147095,
    0.8936775326728821,
    0.8944093585014343,
    0.8958966135978699,
    0.8947989344596863,
    0.8977231979370117,
    0.8958306312561035,
    0.8991948962211609,
    0.894489586353302,
    0.8934203386306763,
    0.898468017578125,
    0.8941441774368286,
    0.8989818692207336,
    0.8928188681602478,
    0.8923622369766235,
    0.8954748511314392,
    0.8976956605911255,
    0.8946112990379333,
    0.8975475430488586,
    0.8979822397232056,
    0.8923641443252563,
    0.896422803401947,
    0.8940798044204712,
    0.8933758735656738,
    0.8940906524658203,
    0.8885940909385681
  ],
  "sigma_nn": [
    0.014339539222419262,
    0.0178250502794981,
    0.020658200606703758,
    0.018460487946867943,
    0.021595796570181847,
    0.015718592330813408,
    0.0162256620824337,
    0.014551877044141293,
    0.019542062655091286,
    0.02202278934419155,
    0.017341401427984238,
    0.015738049522042274,
    0.015897300094366074,
    0.017355216667056084,
    0.01524068508297205,
    0.017047353088855743,
    0.024184389039874077,
    0.024461468681693077,
    0.0149558549746871,
    0.020648667588829994,
    0.015940243378281593,
    0.017804685980081558,
    0.01765098236501217,
    0.018931124359369278,
    0.01843215897679329,
    0.018877940252423286,
    0.019491134211421013,
    0.017435044050216675,
    0.01612243242561817,
    0.01760866492986679,
    0.02218369022011757,
    0.019932737573981285,
    0.016326328739523888,
    0.019157202914357185,
    0.01578415185213089,
    0.018033267930150032,
    0.016406482085585594,
    0.018726542592048645,
    0.01798701100051403,
    0.01783321239054203,
    0.015796523541212082,
    0.0130754504352808,
    0.015949126332998276,
    0.014468342997133732,
    0.018563581630587578,
    0.013240226544439793,
    0.019175665453076363,
    0.01564706303179264,
    0.014919290319085121,
    0.02009558491408825
  ],
  "sigma_nd": [
    0.02143893763422966,
    0.023773064836859703,
    0.02994573302567005,
    0.024038860574364662,
    0.026571834459900856,
    0.02195996791124344,
    0.023152297362685204,
    0.022976864129304886,
    0.024723222479224205,
    0.028170539066195488,
    0.024079767987132072,
    0.021634604781866074,
    0.022673822939395905,
    0.026038706302642822,
    0.02246558479964733,
    0.022350626066327095,
    0.026713212952017784,
    0.02772745117545128,
    0.023995494470000267,
    0.025372128933668137,
    0.022984197363257408,
    0.023817695677280426,
    0.024246059358119965,
    0.0234011709690094,
    0.02571018971502781,
    0.023666655644774437,
    0.024082718417048454,
    0.024683553725481033,
    0.023813704028725624,
    0.02342747151851654,
    0.024031704291701317,
    0.022710781544446945,
    0.023483509197831154,
    0.023726552724838257,
    0.02302377298474312,
    0.02300412580370903,
    0.023952415212988853,
    0.023271242156624794,
    0.023988377302885056,
    0.02247285470366478,
    0.022459520027041435,
    0.023626340553164482,
    0.024421412497758865,
    0.021272514015436172,
    0.024018490687012672,
    0.023050637915730476,
    0.02235441282391548,
    0.025655649602413177,
    0.022029003128409386,
    0.023432575166225433
  ]
}