{
  "loss": [
    -0.15143480896949768,
    -0.12770585715770721,
    -0.13152262568473816,
    -0.14701683819293976,
    -0.24996094405651093,
    -0.31512391567230225,
    -0.2313685119152069,
    -0.11105629801750183,
    -0.24529534578323364,
    -0.29486283659935,
    -0.14483778178691864,
    -0.23789340257644653,
    -0.19355331361293793,
    -0.21311044692993164,
    -0.4107770025730133,
    -0.24421566724777222,
    -0.41373884677886963,
    -0.2611747980117798,
    -0.12658755481243134,
    -0.10103809088468552,
    -0.2572154402732849,
    -0.3199988603591919,
    -0.11963658034801483,
    -0.1603100299835205,
    -0.046669792383909225,
    -0.25524836778640747,
    -0.2145022302865982,
    -0.1379566788673401,
    -0.12156559526920319,
    -0.13473019003868103,
    -0.09111170470714569,
    -0.14681649208068848,
    -0.21811936795711517,
    -0.17970594763755798,
    -0.06590104848146439,
    -0.22628721594810486,
    -0.5963776707649231,
    -0.025541799142956734,
    -0.1044783741235733,
    -0.07684846222400665,
    -0.1323193460702896,
    -0.1812557727098465,
    -0.08358403295278549,
    -0.16663309931755066,
    -0.14780910313129425,
    -0.18183912336826324,
    -0.2815918028354645,
    -0.08330585807561874,
    -0.2526513338088989,
    -0.4115581810474396
  ],
  "separability": [
    0.15143480896949768,
    0.12770585715770721,
    0.13152262568473816,
    0.14701683819293976,
    0.24996094405651093,
    0.31512391567230225,
    0.2313685119152069,
    0.11105629801750183,
    0.24529534578323364,
    0.29486283659935,
    0.14483778178691864,
    0.23789340257644653,
    0.19355331361293793,
    0.21311044692993164,
    0.4107770025730133,
    0.24421566724777222,
    0.41373884677886963,
    0.2611747980117798,
    0.12658755481243134,
    0.10103809088468552,
    0.2572154402732849,
    0.3199988603591919,
    0.11963658034801483,
    0.1603100299835205,
    0.046669792383909225,
    0.25524836778640747,
    0.2145022302865982,
    0.1379566788673401,
    0.12156559526920319,
    0.13473019003868103,
    0.09111170470714569,
    0.14681649208068848,
    0.21811936795711517,
    0.17970594763755798,
    0.06590104848146439,
    0.22628721594810486,
    0.5963776707649231,
    0.025541799142956734,
    0.1044783741235733,
    0.07684846222400665,
    0.1323193460702896,
    0.1812557727098465,
    0.08358403295278549,
    0.16663309931755066,
    0.14780910313129425,
    0.18183912336826324,
    0.2815918028354645,
    0.08330585807561874,
    0.2526513338088989,
    0.4115581810474396
  ],
  "mu_nn": [
    0.9294241666793823,
    0.9221194386482239,
    0.921430230140686,
    0.9223006367683411,
    0.9302745461463928,
    0.9345808029174805,
    0.9300631284713745,
    0.926121711730957,
    0.9262295961380005,
    0.9293527007102966,
    0.9284917116165161,
    0.9303043484687805,
    0.9248486757278442,
    0.9315963387489319,
    0.9371052980422974,
    0.9290027022361755,
    0.9427192211151123,
    0.9314752817153931,
    0.9221035242080688,
    0.9194813966751099,
    0.9322737455368042,
    0.9323767423629761,
    0.9176343083381653,
    0.9327515959739685,
    0.9157400727272034,
    0.9345499277114868,
    0.9200528860092163,
    0.925875723361969,
    0.9164159893989563,
    0.9292798638343811,
    0.9224313497543335,
    0.9220675230026245,
    0.9275186061859131,
    0.9260739684104919,
    0.922134280204773,
    0.9278728365898132,
    0.9441030025482178,
    0.9170122146606445,
    0.9244619011878967,
    0.9148642420768738,
    0.9205960631370544,
    0.9313510656356812,
    0.9236660599708557,
    0.9252128601074219,
    0.9239366054534912,
    0.9262229204177856,
    0.934535026550293,
    0.9193421602249146,
    0.9310566186904907,
    0.9392940998077393
  ],
  "mu_nd": [
    0.9216646552085876,
    0.913824200630188,
    0.912900447845459,
    0.9128704071044922,
    0.9142637252807617,
    0.9170326590538025,
    0.9164623618125916,
    0.9197370409965515,
    0.9126616716384888,
    0.9103273749351501,
    0.9197751879692078,
    0.9165760278701782,
    0.913783848285675,
    0.9201696515083313,
    0.9140950441360474,
    0.913055419921875,
    0.9236305356025696,
    0.9156234860420227,
    0.9138160943984985,
    0.9132323265075684,
    0.9188442230224609,
    0.9135324358940125,
    0.9098904728889465,
    0.9243548512458801,
    0.912628173828125,
    0.9213432669639587,
    0.9066078066825867,
    0.9176815152168274,
    0.9082477688789368,
    0.9217314720153809,
    0.9169745445251465,
    0.9130199551582336,
    0.915087878704071,
    0.9137639999389648,
    0.9181205630302429,
    0.9130779504776001,
    0.9145955443382263,
    0.915362536907196,
    0.918001651763916,
    0.9096477627754211,
    0.9121348261833191,
    0.920758843421936,
    0.9180159568786621,
    0.9154629707336426,
    0.9155354499816895,
    0.9157339334487915,
    0.9201280474662781,
    0.9139367341995239,
    0.9177567362785339,
    0.9179067611694336
  ],
  "sigma_nn": [
    0.02644922398030758,
    0.03410389646887779,
    0.03540751710534096,
    0.0330236554145813,
    0.03602694347500801,
    0.028258485719561577,
    0.028663957491517067,
    0.028515435755252838,
    0.027524864301085472,
    0.03462066501379013,
    0.031165802851319313,
    0.029969288036227226,
    0.029223648831248283,
    0.028112847357988358,
    0.02635592594742775,
    0.036242369562387466,
    0.02289346233010292,
    0.031145107001066208,
    0.03635445237159729,
    0.032629698514938354,
    0.02569054439663887,
    0.03242737799882889,
    0.03549925610423088,
    0.0257928054779768,
    0.0359635055065155,
    0.025643914937973022,
    0.03239079937338829,
    0.03145519271492958,
    0.037735629826784134,
    0.028285017237067223,
    0.03203369304537773,
    0.030470706522464752,
    0.02832362800836563,
    0.03757990896701813,
    0.03141456097364426,
    0.03659454733133316,
    0.024154063314199448,
    0.03532397001981735,
    0.03213309124112129,
    0.03795800358057022,
    0.03468829765915871,
    0.031293835490942,
    0.03692667931318283,
    0.030200904235243797,
    0.02881150133907795,
    0.02811327576637268,
    0.025337111204862595,
    0.034190140664577484,
    0.02744520641863346,
    0.023712309077382088
  ],
  "sigma_nd": [
    0.02479071542620659,
    0.03085191175341606,
    0.02944657951593399,
    0.031120212748646736,
    0.028026334941387177,
    0.02742799185216427,
    0.030120031908154488,
    0.028974948450922966,
    0.02778772823512554,
    0.029901955276727676,
    0.029015472158789635,
    0.02773856744170189,
    0.027943158522248268,
    0.025505758821964264,
    0.02966047264635563,
    0.029057618230581284,
    0.023243563249707222,
    0.02954908274114132,
    0.029113508760929108,
    0.029218945652246475,
    0.026520628482103348,
    0.0264612827450037,
    0.029228728264570236,
    0.026585346087813377,
    0.030715569853782654,
    0.026096507906913757,
    0.03028956614434719,
    0.027941761538386345,
    0.02945624105632305,
    0.02774096094071865,
    0.027857670560479164,
    0.031154289841651917,
    0.028666842728853226,
    0.03092069737613201,
    0.029490632936358452,
    0.02878645248711109,
    0.02532373182475567,
    0.02926339954137802,
    0.029700258746743202,
    0.029922062531113625,
    0.02925727143883705,
    0.027144139632582664,
    0.03067118301987648,
    0.028310202062129974,
    0.028026362881064415,
    0.02956949546933174,
    0.025825513526797295,
    0.030696354806423187,
    0.025196034461259842,
    0.028254423290491104
  ]
}