{
  "loss": [
    -0.15067647397518158,
    -0.07827221602201462,
    -0.07190839946269989,
    -0.42681315541267395,
    -0.08209339529275894,
    -0.18595625460147858,
    -0.1026543527841568,
    -0.16252897679805756,
    -0.24523362517356873,
    -0.045046187937259674,
    -0.37746694684028625,
    -0.2621869742870331,
    -0.2403002381324768,
    -0.1536191701889038,
    -0.10444756597280502,
    -0.06466946005821228,
    -0.1983618140220642,
    -0.13992813229560852,
    -0.28098681569099426,
    -0.1081380769610405,
    -0.16472260653972626,
    -0.10601423680782318,
    -0.04403350129723549,
    -0.20124571025371552,
    -0.18788278102874756,
    -0.06663376837968826,
    -0.04473646730184555,
    -0.2943817377090454,
    -0.06997143477201462,
    -0.3814101219177246,
    -0.2946332097053528,
    -0.12864777445793152,
    -0.07129756361246109,
    -0.3632253408432007,
    -0.1293332874774933,
    -0.1065785363316536,
    -0.02312305197119713,
    -0.0455474928021431,
    -0.05433672294020653,
    -0.17672063410282135,
    -0.1722681224346161,
    -0.16599521040916443,
    -0.15651318430900574,
    -0.12093006074428558,
    -0.23975840210914612,
    -0.1366094946861267,
    -0.11886885017156601,
    -0.1477813720703125,
    -0.07622487843036652,
    -0.11702650785446167
  ],
  "separability": [
    0.15067647397518158,
    0.07827221602201462,
    0.07190839946269989,
    0.42681315541267395,
    0.08209339529275894,
    0.18595625460147858,
    0.1026543527841568,
    0.16252897679805756,
    0.24523362517356873,
    0.045046187937259674,
    0.37746694684028625,
    0.2621869742870331,
    0.2403002381324768,
    0.1536191701889038,
    0.10444756597280502,
    0.06466946005821228,
    0.1983618140220642,
    0.13992813229560852,
    0.28098681569099426,
    0.1081380769610405,
    0.16472260653972626,
    0.10601423680782318,
    0.04403350129723549,
    0.20124571025371552,
    0.18788278102874756,
    0.06663376837968826,
    0.04473646730184555,
    0.2943817377090454,
    0.06997143477201462,
    0.3814101219177246,
    0.2946332097053528,
    0.12864777445793152,
    0.07129756361246109,
    0.3632253408432007,
    0.1293332874774933,
    0.1065785363316536,
    0.02312305197119713,
    0.0455474928021431,
    0.05433672294020653,
    0.17672063410282135,
    0.1722681224346161,
    0.16599521040916443,
    0.15651318430900574,
    0.12093006074428558,
    0.23975840210914612,
    0.1366094946861267,
    0.11886885017156601,
    0.1477813720703125,
    0.07622487843036652,
    0.11702650785446167
  ],
  "mu_nn": [
    0.905448317527771,
    0.8987796902656555,
    0.8963363766670227,
    0.9220170378684998,
    0.9039098024368286,
    0.9070502519607544,
    0.9036960005760193,
    0.8993701338768005,
    0.9127359986305237,
    0.9026936888694763,
    0.9171479344367981,
    0.9103111028671265,
    0.914593517780304,
    0.9045875668525696,
    0.9003264307975769,
    0.9005375504493713,
    0.9094220995903015,
    0.9069882035255432,
    0.9110725522041321,
    0.9082264304161072,
    0.9082249999046326,
    0.8985525965690613,
    0.8944929838180542,
    0.9140417575836182,
    0.9057425260543823,
    0.8981974124908447,
    0.8957781195640564,
    0.9143697023391724,
    0.9037207365036011,
    0.9184720516204834,
    0.9136300683021545,
    0.9015893936157227,
    0.8997732400894165,
    0.9193881750106812,
    0.9090219736099243,
    0.9036272764205933,
    0.8948229551315308,
    0.8979108333587646,
    0.8999531865119934,
    0.9116032719612122,
    0.9076816439628601,
    0.9095469117164612,
    0.9086889028549194,
    0.9058812856674194,
    0.9067219495773315,
    0.9032744765281677,
    0.8972330093383789,
    0.9092600345611572,
    0.9008990526199341,
    0.899756133556366
  ],
  "mu_nd": [
    0.8955239653587341,
    0.8926958441734314,
    0.8905580639839172,
    0.8961928486824036,
    0.8979637026786804,
    0.8947210311889648,
    0.8964338302612305,
    0.8876323699951172,
    0.8959770202636719,
    0.899418830871582,
    0.8935806155204773,
    0.8924433588981628,
    0.8969360589981079,
    0.8948724865913391,
    0.8928819894790649,
    0.8957653045654297,
    0.8949379324913025,
    0.897124707698822,
    0.8920685052871704,
    0.9007025957107544,
    0.8967742323875427,
    0.8904787302017212,
    0.891238808631897,
    0.9004070162773132,
    0.8915994763374329,
    0.8930730223655701,
    0.8925638198852539,
    0.8928595781326294,
    0.8988771438598633,
    0.8948356509208679,
    0.8946313858032227,
    0.8926555514335632,
    0.8942121863365173,
    0.8944274187088013,
    0.9005600214004517,
    0.8962228894233704,
    0.8930875062942505,
    0.8943334817886353,
    0.8960420489311218,
    0.8992140889167786,
    0.8957319259643555,
    0.8988941311836243,
    0.8976951837539673,
    0.8978977203369141,
    0.8893770575523376,
    0.8929623961448669,
    0.888859212398529,
    0.8992056846618652,
    0.8957225680351257,
    0.8907987475395203
  ],
  "sigma_nn": [
    0.0327739492058754,
    0.04108947515487671,
    0.044132355600595474,
    0.029318686574697495,
    0.03860513120889664,
    0.03429056331515312,
    0.03815086930990219,
    0.03767665475606918,
    0.03580821678042412,
    0.03711942955851555,
    0.03106839209794998,
    0.036402277648448944,
    0.041011959314346313,
    0.03255731984972954,
    0.03748283162713051,
    0.038107454776763916,
    0.0405232235789299,
    0.03688856586813927,
    0.03582528233528137,
    0.03431619703769684,
    0.03472509980201721,
    0.043694157153367996,
    0.039322514086961746,
    0.03368883207440376,
    0.04289114847779274,
    0.04341671243309975,
    0.03791184723377228,
    0.03892162814736366,
    0.03577945753931999,
    0.03433940187096596,
    0.03342468664050102,
    0.03536541387438774,
    0.041582755744457245,
    0.038393568247556686,
    0.03337850049138069,
    0.036663614213466644,
    0.041583046317100525,
    0.04212915897369385,
    0.037959203124046326,
    0.0375945009291172,
    0.03747363016009331,
    0.03241943567991257,
    0.036028601229190826,
    0.033149998635053635,
    0.0369274839758873,
    0.04194618761539459,
    0.03746327757835388,
    0.03488191217184067,
    0.0358831062912941,
    0.04072186350822449
  ],
  "sigma_nd": [
    0.03309135138988495,
    0.036637283861637115,
    0.03622421249747276,
    0.031185973435640335,
    0.03382578119635582,
    0.032011158764362335,
    0.03259303420782089,
    0.03454285115003586,
    0.03253060206770897,
    0.03558056801557541,
    0.03136704862117767,
    0.031746573746204376,
    0.03246885538101196,
    0.03068399988114834,
    0.033791594207286835,
    0.03568696603178978,
    0.03249569609761238,
    0.033601149916648865,
    0.03180794045329094,
    0.03525998070836067,
    0.03479035571217537,
    0.0324641577899456,
    0.03457973897457123,
    0.03406287357211113,
    0.032384760677814484,
    0.03348707780241966,
    0.03393780067563057,
    0.03414717689156532,
    0.033442962914705276,
    0.027631675824522972,
    0.03105778992176056,
    0.034078776836395264,
    0.03641504794359207,
    0.030326174572110176,
    0.03204897791147232,
    0.03280990570783615,
    0.03346971049904823,
    0.036411963403224945,
    0.034020427614450455,
    0.032511528581380844,
    0.03189333155751228,
    0.031755778938531876,
    0.034212876111269,
    0.03286803513765335,
    0.035415712743997574,
    0.033539630472660065,
    0.032982390373945236,
    0.03315338119864464,
    0.032027579843997955,
    0.0358196422457695
  ]
}